<DATE>;<TIME>;<OPEN>;<HIGH>;<LOW>;<CLOSE>;<VOL>;;;;;;;;0.277259093;0.207544245;0.181642636;0.166905423;0.166648602
20231211;000000;161.45;167.14;160.19;164.87;53013420;1;6.95;7627830.216;;;;;;;;;
20231212;000000;164.87;165.54;161.82;162.46;25358320;-1;3.72;6816752.688;;;;;;;;;
20231213;000000;161.97;164.5;161.82;163.92;13358800;1;2.68;4984626.866;;;;;;;;;
20231214;000000;164.12;164.76;160.81;160.89;16968840;-1;3.95;4295908.861;;;;;;;;;
20231215;000000;161.13;164.42;161.02;164.2;23888840;1;3.4;7026129.412;;;;0;;;;;
20231218;000000;165;167.32;164.99;167;33032970;1;2.33;14177240.34;2095302.122;1;2;2;;;;;
20231219;000000;167.1;168.89;165.12;165.48;38389440;-1;3.77;10182875.33;4304640.271;-1;-1.62;0.38;;;;;
20231220;000000;165.33;165.33;163.12;163.56;27570870;-1;2.21;12475506.79;1509025.146;-1;-1.77;-1.39;;;;;
20231221;000000;163.3;163.71;161.19;161.57;26442660;-1;2.52;10493119.05;-2540361.664;1;1.73;0.34;;;;;
20231222;000000;161.92;163.2;161.62;162.09;15391770;1;1.58;9741626.582;-3811023.695;-1;-0.17;0.17;;;;;
20231225;000000;162.49;162.77;160.4;161.09;22372720;-1;2.37;9439966.245;-1079875.7;1;1.4;1.57;;;;;
20231226;000000;161.33;161.8;160.77;161;18570500;-1;1.03;18029611.65;-6280687.43;1;0.33;1.9;;;;;
20231227;000000;161.2;161.4;159.81;159.86;23711980;-1;1.59;14913194.97;-9018973.95;1;1.34;3.24;;;;;
20231228;000000;159.95;160.38;158.22;159.14;24851430;-1;2.16;11505291.67;-9714194.725;1;0.81;4.05;;;;;
20231229;000000;159.49;160.79;159.14;159.52;19239480;1;1.65;11660290.91;-9512193.838;-1;-0.03;4.02;;;;;
20240103;000000;159.73;161.58;159.73;161.44;8080170;1;1.85;4367659.459;-6446204.579;-1;-1.71;2.31;;;;;
20240104;000000;161.51;161.64;161;161.25;4859980;-1;0.64;7593718.75;-3952554.622;1;0.26;2.57;;;;;
20240105;000000;161.22;162.3;161.07;161.94;8773230;1;1.23;7132707.317;-3486497.67;-1;-0.72;1.85;;;;;
20240108;000000;162.43;163.2;162;163.05;11120640;1;1.2;9267200;1223753.537;1;0.62;2.47;;;;;
20240109;000000;163.01;163.06;161.77;162.41;9592690;-1;1.29;7436193.798;5342581.958;-1;-0.6;1.87;;;;;
20240110;000000;162.41;163.7;162;162.87;10743240;1;1.7;6319552.941;617636.9415;1;0.46;2.33;;;;;
20240111;000000;162.92;162.93;161.93;162.5;13085980;-1;1;13085980;1817137.852;-1;-0.42;1.91;;;;;
20240112;000000;162.55;163.98;162.2;163.37;14743890;1;1.78;8283084.27;-931948.3136;-1;-0.82;1.09;;;;;
20240115;000000;163.8;164.4;163.26;163.34;11051540;-1;1.14;9694333.333;1031765.699;-1;-0.46;0.63;;;;;
20240116;000000;163.28;164.18;162.37;163.22;12180560;-1;1.81;6729591.16;-3530171.147;1;0.06;0.69;;;;;
20240117;000000;163.38;164.2;163;164.04;8623410;1;1.2;7186175;-3504258.542;-1;-0.66;0.03;;;;;
20240118;000000;164.13;167.55;164.12;166.52;39378520;1;3.43;11480618.08;-1963428.402;-1;-2.39;-2.36;;;;;
20240119;000000;166.55;167.62;165.2;165.9;23518580;-1;2.42;9718421.488;3214501.949;-1;-0.65;-3.01;;;;;
20240122;000000;165.98;167;165.26;166.06;12995310;1;1.74;7468568.966;-1745221.099;-1;-0.08;-3.09;;;;;
20240123;000000;166.38;168.96;165.6;168.31;29332620;1;3.36;8729946.429;2217030.566;1;1.93;-1.16;;;;;
20240124;000000;168.36;168.63;166.2;166.36;18314770;-1;2.43;7536942.387;5318979.273;-1;-2;-3.16;;;;;
20240125;000000;166.37;166.94;165.36;165.42;16162970;-1;1.58;10229727.85;1369946.586;-1;-0.95;-4.11;;;;;
20240126;000000;165.66;165.95;163.65;163.99;20980140;-1;2.3;9121800;-3187820.29;1;1.67;-2.44;;;;;
20240129;000000;164.06;164.49;162.85;163.5;17070970;-1;1.64;10409128.05;-3319551.252;1;0.56;-1.88;;;;;
20240130;000000;163.39;163.79;162.71;163.22;17815100;-1;1.08;16495462.96;-6440480.432;1;0.17;-1.71;;;;;
20240131;000000;163.41;166.48;162.9;166.33;39738490;1;3.58;11100136.87;-11354197.5;-1;-2.92;-4.63;;;;;
20240201;000000;166.71;166.75;164.8;165.25;20836140;-1;1.95;10685200;-5463913.719;1;1.46;-3.17;;;;;
20240202;000000;165.16;167.85;164.4;164.4;32725330;-1;3.45;9485602.899;-6912553.855;1;0.76;-2.41;;;;;
20240205;000000;164.45;165.22;163.55;164.87;17938190;1;1.67;10741431.14;-7319212.163;-1;-0.42;-2.83;;;;;
20240206;000000;164.87;165.12;164.04;164.56;13168200;-1;1.08;12192777.78;-1827683.531;1;0.31;-2.52;;;;;
20240207;000000;164.57;165.59;164.34;164.62;16372630;1;1.25;13098104;-2807821.752;-1;-0.05;-2.57;;;;;
20240208;000000;164.62;164.96;163.1;163.21;17718920;-1;1.86;9526301.075;-311742.755;1;1.41;-1.16;;;;;
20240209;000000;163.47;163.97;163.2;163.23;12313700;-1;0.77;15991818.18;-1925505.142;1;0.24;-0.92;;;;;
20240212;000000;163.33;163.5;162.21;162.49;17879140;-1;1.29;13859798.45;-4276828.089;1;0.84;-0.08;;;;;
20240213;000000;162.62;163.9;162;162.29;15061640;-1;1.9;7927178.947;-8737912.207;1;0.33;0.25;;;;;
20240214;000000;162.38;162.88;161.07;161.92;22008050;-1;1.81;12159143.65;-7386410.469;1;0.46;0.71;;;;;
20240215;000000;162.09;162.61;161.31;161.59;16625530;-1;1.3;12788869.23;-11790669.78;1;0.5;1.21;;;;;
20240216;000000;161.98;162;161.1;161.19;17123190;-1;0.9;19025766.67;-12487593.93;1;0.79;2;;;;;
20240219;000000;161.41;162.2;160.84;161.24;13001080;-1;1.36;9559617.647;-13770747.13;1;0.17;2.17;;;;;
20240220;000000;161.23;161.64;159.16;159.5;21831180;-1;2.48;8802895.161;-12272663.53;1;1.73;3.9;;;;;
20240221;000000;159.65;160.23;158.3;158.64;22478950;-1;1.93;11647124.35;-12041452.7;1;1.01;4.91;;;;;
20240222;000000;158.99;159.1;158;158.12;17651550;-1;1.1;16046863.64;-12099446.34;1;0.87;5.78;;;;;
20240226;000000;158.94;160.56;158.85;160.09;16569370;1;1.71;9689690.058;-13231583.02;-1;-1.15;4.63;;;;;
20240227;000000;160.14;160.14;158.81;159.04;12055350;-1;1.33;9064172.932;-5821841.752;1;1.1;5.73;;;;;
20240228;000000;159.19;162.27;159.05;160.65;33707380;1;3.22;10468130.43;-6827837.966;-1;-1.46;4.27;;;;;
20240229;000000;160.68;162.3;160;161.82;18111950;1;2.3;7874760.87;-1838057.281;-1;-1.14;3.13;;;;;
20240301;000000;161.81;163.1;161.18;161.34;18285650;-1;1.92;9523776.042;1652583.453;-1;-0.47;2.66;;;;;
20240304;000000;161.49;162;160.86;161.24;16530800;-1;1.14;14500701.75;997180.282;-1;-0.25;2.41;;;;;
20240305;000000;161.23;161.8;160.23;160.98;14116140;-1;1.57;8991171.975;-4330008.011;1;0.25;2.66;;;;;
20240306;000000;160.99;162;160.5;161.65;13596360;1;1.5;9064240;-4173505.586;-1;-0.66;2;;;;;
20240307;000000;161.65;162.3;160.75;160.91;14196940;-1;1.55;9159316.129;-2264120.717;1;0.74;2.74;;;;;
20240311;000000;161.04;161.28;160.51;160.56;15883610;-1;0.77;20628064.94;-6298822.742;1;0.48;3.22;;;;;
20240312;000000;160.62;163.31;160.56;162.99;26510020;1;2.75;9640007.273;-9891026.518;-1;-2.37;0.85;;;;;
20240313;000000;163.13;163.22;161.1;161.77;19180710;-1;2.12;9047504.717;-3257674.246;1;1.36;2.21;;;;;
20240314;000000;161.8;161.81;160.53;161.1;13996010;-1;1.28;10934382.81;-4272907.635;1;0.7;2.91;;;;;
20240315;000000;161.14;161.42;160.04;160.86;14151130;-1;1.38;10254442.03;-8127701.399;1;0.28;3.19;;;;;
20240318;000000;161.12;161.43;160.31;160.58;14241450;-1;1.12;12715580.36;-8584586.823;1;0.54;3.73;;;;;
20240319;000000;160.51;161.25;158.04;158.55;38252890;-1;3.21;11916788.16;-7543494.706;1;1.96;5.69;;;;;
20240320;000000;158.6;158.98;157.75;158.42;21060990;-1;1.23;17122756.1;-11138489.1;1;0.18;5.87;;;;;
20240321;000000;158.7;159.16;157.87;158.28;18038400;-1;1.29;13983255.81;-13064113.77;1;0.42;6.29;;;;;
20240322;000000;158.39;158.69;156;156.44;28149960;-1;2.69;10464669.14;-13426498.89;1;1.95;8.24;;;;;
20240325;000000;157.1;158.97;155.75;158.84;26914060;1;3.22;8358403.727;-13021801.77;-1;-1.74;6.5;;;;;
20240326;000000;159.1;159.45;156.9;157.94;27990050;-1;2.55;10976490.2;-7238190.809;1;1.16;7.66;;;;;
20240327;000000;158.01;158.6;157.2;157.79;11865150;-1;1.4;8475107.143;-8396787.811;1;0.22;7.88;;;;;
20240328;000000;157.79;157.95;157.04;157.05;10217550;-1;0.91;11228076.92;-7186565.467;1;0.74;8.62;;;;;
20240329;000000;157.04;157.9;156.51;157.22;16044130;1;1.39;11542539.57;-7214704.331;-1;-0.18;8.44;;;;;
20240401;000000;157.69;158.25;157.43;158.06;16732650;1;0.82;20405670.73;-1108608.948;-1;-0.37;8.07;;;;;
20240402;000000;158.17;164.98;157.51;164.18;72244180;1;7.47;9671242.303;2769989.848;1;6.01;14.08;;;;;
20240403;000000;164.1;165.36;162.12;162.63;42984880;-1;3.24;13266938.27;5726745.037;-1;-1.47;12.61;;;;;
20240404;000000;162.77;164.3;161.52;162.69;30238210;-1;2.78;10877053.96;2090740.37;-1;-0.08;12.53;;;;;
20240405;000000;162.78;164.63;162.1;163.59;22814020;1;2.53;9017399.209;1316836.329;1;0.81;13.34;;;;;
20240408;000000;164.03;164.9;163.57;163.89;16445250;-1;1.33;12364849.62;2847603.613;-1;-0.14;13.2;;;;;
20240409;000000;164;165.79;163.49;164.08;29054750;1;2.3;12632500;-4135119.381;-1;-0.08;13.12;;;;;
20240410;000000;164.14;165.94;163.59;164.74;23208780;1;2.35;9876076.596;-1452189.725;-1;-0.6;12.52;;;;;
20240411;000000;164.97;166.33;164.15;166.24;30774040;1;2.18;14116532.11;2806457.834;1;1.27;13.79;;;;;
20240412;000000;166.52;166.8;164.69;164.83;26202270;-1;2.11;12418137.44;7697236.873;-1;-1.69;12.1;;;;;
20240415;000000;165;165.66;163.27;163.33;21562710;-1;2.39;9022054.393;1328527.923;-1;-1.67;10.43;;;;;
20240416;000000;163.39;164.78;162.65;164.38;19254140;1;2.13;9039502.347;1238963.731;1;0.99;11.42;;;;;
20240417;000000;164.58;165.68;163.78;164.62;20063060;1;1.9;10559505.26;2380105.652;1;0.04;11.46;;;;;
20240418;000000;164.74;166.1;163.85;165.4;17621040;1;2.25;7831573.333;3444871.654;1;0.66;12.12;;;;;
20240419;000000;165.53;168.15;165;167.03;36205320;1;3.15;11493752.38;2429603.464;1;1.5;13.62;;;;;
20240422;000000;167.27;167.89;165.55;166.77;26923930;-1;2.34;11505952.99;6735430.932;-1;-0.5;13.12;;;;;
20240423;000000;166.59;167.43;162.62;163.7;34959300;-1;4.81;7268045.738;3886738.817;-1;-2.89;10.23;;;;;
20240424;000000;163.7;164.41;162.62;162.86;20797970;-1;1.79;11618977.65;751488.2324;-1;-0.84;9.39;;;;;
20240425;000000;162.99;164.2;162.67;163.35;14574730;1;1.53;9525967.32;-3596389.564;-1;-0.36;9.03;;;;;
20240426;000000;163.45;164.19;162.11;162.46;23101170;-1;2.08;11106331.73;-1095466.065;1;0.99;10.02;;;;;
20240427;000000;162.6;166.49;161.7;164.06;31250400;1;4.79;6524091.858;-6343300.73;-1;-1.46;8.56;;;;;
20240429;000000;164.1;165.24;163.83;164.03;7800610;-1;1.41;5532347.518;-1916349.665;1;0.07;8.63;;;;;
20240430;000000;164.35;164.55;163.22;163.22;7166760;-1;1.33;5388541.353;-2543590.086;1;1.13;9.76;;;;;
20240502;000000;163.29;165.36;156.38;157.75;117380380;-1;8.98;13071311.8;-1723393.598;1;5.54;15.3;;;;;
20240503;000000;157.43;157.74;154;155.2;66221110;-1;3.74;17706179.14;-6509359.338;1;2.23;17.53;;;;;
20240506;000000;155.32;155.76;153;153.64;26977110;-1;2.76;9774315.217;-8437011.596;1;1.68;19.21;;;;;
20240507;000000;154;154.96;153.5;154.16;16549540;1;1.46;11335301.37;-10580475.65;-1;-0.16;19.05;;;;;
20240508;000000;154.22;154.75;154.16;154.22;9615650;-1;0.59;16297711.86;-5181650.265;1;0;19.05;;;;;
20240510;000000;154.24;154.89;154.24;154.58;4938150;1;0.65;7597153.846;-9075117.792;-1;-0.34;18.71;;;;;
20240513;000000;155.19;158.65;154.91;157.9;36367940;1;3.74;9724048.128;-3799238.508;-1;-2.71;16;;;;;
20240514;000000;157.98;158.4;155.82;156.16;18636890;-1;2.58;7223600.775;1575514.286;-1;-1.82;14.18;;;;;
20240515;000000;156.37;157.29;154.91;156.97;27230820;1;2.38;11441521.01;564163.9101;1;0.6;14.78;;;;;
20240516;000000;157;158.1;156.67;157.88;24775560;1;1.43;17325566.43;1991365.994;1;0.88;15.66;;;;;
20240517;000000;158.3;158.3;154.75;155.17;40679710;-1;3.55;11459073.24;8755230.227;-1;-3.13;12.53;;;;;
20240520;000000;155.4;155.69;145.01;145.03;138793230;-1;10.68;12995620.79;2911798.273;-1;-10.37;2.16;;;;;
20240521;000000;144.24;145.68;137.35;139.54;177093860;-1;8.33;21259767.11;-2128508.241;1;4.7;6.86;;;;;
20240522;000000;139.8;142.2;138.67;139.25;54098250;-1;3.53;15325283.29;-5874641.861;1;0.55;7.41;;;;;
20240523;000000;139.07;139.07;133.17;134.69;110661490;-1;5.9;18756184.75;-10047275.34;1;4.38;11.79;;;;;
20240524;000000;134.95;136.45;133;133.34;58717990;-1;3.45;17019707.25;-16321355.4;1;1.61;13.4;;;;;
20240527;000000;134.2;134.69;127.56;128.42;89193240;-1;7.13;12509570.83;-17109404.13;1;5.78;19.18;;;;;
20240528;000000;128.77;131.75;126.82;128.47;63443960;-1;4.93;12868957.4;-16508440.76;1;0.3;19.48;;;;;
20240529;000000;129;129.82;127.12;128.89;45011470;-1;2.7;16670914.81;-14940275.38;1;0.11;19.59;;;;;
20240530;000000;129.5;129.53;123.26;124.93;45247030;-1;6.27;7216432.217;-15531685.61;1;4.57;24.16;;;;;
20240531;000000;125.1;127.92;123.81;126.46;74986990;1;4.11;18245009.73;-12722550.87;-1;-1.36;22.8;;;;;
20240603;000000;126.67;128.61;122.09;124.14;70452330;-1;6.52;10805572.09;-3699884.308;1;2.53;25.33;;;;;
20240604;000000;124.3;125.16;122.75;125.1;34739690;1;2.41;14414809.13;-5447167.968;-1;-0.8;24.53;;;;;
20240605;000000;125.72;126.5;123.63;124.02;37174310;-1;2.87;12952721.25;1085427.961;-1;-1.7;22.83;;;;;
20240606;000000;124.1;124.94;123.38;123.6;20658080;-1;1.56;13242358.97;-719718.9412;1;0.5;23.33;;;;;
20240607;000000;123.8;125.82;122.16;122.78;47531080;-1;3.66;12986633.88;-2504486.487;1;1.02;24.35;;;;;
20240610;000000;123.08;123.64;117.54;119;85156160;-1;6.1;13960026.23;-8096627.834;1;4.08;28.43;;;;;
20240611;000000;119.15;119.34;116.33;117.53;62417250;-1;3.01;20736627.91;-8730893.977;1;1.62;30.05;;;;;
20240613;000000;113;119.93;112.07;119.63;69585070;1;7.86;8853062.341;-15374442.59;-1;-6.63;23.42;;;;;
20240614;000000;119.95;122.01;118.89;121.65;49949590;1;3.12;16009483.97;-8759271.949;-1;-1.7;21.72;;;;;
20240617;000000;122.34;122.68;120.79;121.54;28829870;-1;1.89;15253899.47;-1984687.073;1;0.8;22.52;;;;;
20240618;000000;121.54;122.04;117.18;118.02;40909060;-1;4.86;8417502.058;-5085986.992;1;3.52;26.04;;;;;
20240619;000000;118.05;118.5;112.54;113.85;74681030;-1;5.96;12530374.16;-4569789.093;1;4.2;30.24;;;;;
20240620;000000;114.14;116.39;110;115.92;176275570;1;6.39;27586161.19;-3844502.65;-1;-1.78;28.46;;;;;
20240621;000000;116.04;117.25;114.14;115.4;45925320;-1;3.11;14766983.92;3640929.299;-1;-0.64;27.82;;;;;
20240624;000000;115.39;116.35;113.2;113.67;27304980;-1;3.15;8668247.619;-4591949.53;1;1.72;29.54;;;;;
20240625;000000;114;115.09;112.46;114.97;32077620;1;2.63;12196813.69;-3951482.31;-1;-0.97;28.57;;;;;
20240626;000000;115.05;117.25;114.65;117;39669450;1;2.6;15257480.77;1416429.277;1;1.95;30.52;;;;;
20240627;000000;117.05;118.37;115.4;115.65;30906770;-1;2.97;10406319.87;7319635.914;-1;-1.4;29.12;;;;;
20240628;000000;116.33;116.65;114.88;115.94;23809940;-1;1.77;13451943.5;-1410857.845;1;0.39;29.51;;;;;
20240701;000000;116.05;121.82;116;121.4;59969450;1;5.82;10304029.21;-2526873.424;-1;-5.35;24.16;;;;;
20240702;000000;121.4;127.25;120.76;126.2;130001830;1;6.49;20031098.61;2753919.19;1;4.8;28.96;;;;;
20240703;000000;126.25;129.45;124.14;124.96;165261050;-1;5.31;31122608.29;6054666.338;-1;-1.29;27.67;;;;;
20240704;000000;125.01;126.8;121.7;122.17;80851800;-1;5.1;15853294.12;-6579436.859;1;2.84;30.51;;;;;
20240705;000000;122.03;127;121.2;126.74;124560730;1;5.8;21475987.93;-7738235.857;-1;-4.71;25.8;;;;;
20240708;000000;127.5;128.84;125.25;127.74;89515150;1;3.59;24934582.17;2071411.408;1;0.24;26.04;;;;;
20240709;000000;127.99;128.97;123.15;124.05;90375230;-1;5.82;15528390.03;6634545.681;-1;-3.94;22.1;;;;;
20240710;000000;124;125;117.75;117.81;99601990;-1;7.25;13738205.52;-3061943.152;1;6.19;28.29;;;;;
20240711;000000;117.61;122.7;117.6;121.75;72079520;1;5.1;14133239.22;-1560157.594;-1;-4.14;24.15;;;;;
20240712;000000;121.9;122.47;118.23;119.65;48194040;-1;4.24;11366518.87;5987326.238;-1;-2.25;21.9;;;;;
20240715;000000;120;120.99;118.52;119.28;40496850;-1;2.47;16395485.83;-1150101.377;1;0.72;22.62;;;;;
20240716;000000;119.28;126.01;118.61;124.74;93643180;1;7.4;12654483.78;-9218419.775;-1;-5.46;17.16;;;;;
20240717;000000;125.12;126.83;123.21;124.46;67220680;-1;3.62;18569248.62;-1889400.953;1;0.66;17.82;;;;;
20240718;000000;124.46;129.85;123.38;129.81;89766080;1;6.47;13874200.93;-5042096.112;-1;-5.35;12.47;;;;;
20240719;000000;130.12;132.47;128.79;130.88;92815970;1;3.68;25221730.98;-2339308.498;-1;-0.76;11.71;;;;;
20240722;000000;131.95;132.81;130.28;131.61;53044470;-1;2.53;20966193.68;5879314.731;-1;-0.34;11.37;;;;;
20240723;000000;131.7;135;129.57;134.07;69150170;1;5.43;12734837.94;951247.4347;1;2.37;13.74;;;;;
20240724;000000;134.09;137.28;133.42;136.73;64045270;1;3.86;16592038.86;2981918.55;1;2.64;16.38;;;;;
20240725;000000;136.75;137.14;134.87;135.1;40983920;-1;2.27;18054590.31;9956741.15;-1;-1.65;14.73;;;;;
20240726;000000;135.1;136.68;132.59;135;82109580;-1;4.09;20075691.93;1454767.153;-1;-0.1;14.63;;;;;
20240729;000000;134.49;134.77;130.12;130.99;64573400;-1;4.65;13886752.69;-7667946.124;1;3.5;18.13;;;;;
20240730;000000;130.8;134.07;130.46;132.4;53190140;1;3.61;14734110.8;-6404761.972;-1;-1.6;16.53;;;;;
20240731;000000;132.35;134.49;132.01;133.31;48325370;1;2.48;19486036.29;-2691919.974;-1;-0.96;15.57;;;;;
20240801;000000;133.48;134.35;131.51;132.05;29581130;-1;2.84;10415890.85;-421279.7959;1;1.43;17;;;;;
20240802;000000;132.05;132.6;129.66;131.45;40694220;-1;2.94;13841571.43;-1830703.348;1;0.6;17.6;;;;;
20240805;000000;129.06;130.54;127;127.25;59457200;-1;3.54;16795819.21;-2314969.662;1;1.81;19.41;;;;;
20240806;000000;128.39;129.6;127.34;128.7;37085700;1;2.26;16409601.77;-3713757.88;-1;-0.31;19.1;;;;;
20240807;000000;128.88;130.34;126.18;129.84;61734090;1;4.16;14839925.48;58468.19253;1;0.96;20.06;;;;;
20240808;000000;130.02;130.91;127.36;128.14;39237920;-1;3.55;11052935.21;423358.8341;-1;-1.88;18.18;;;;;
20240809;000000;128.03;129.76;127.27;128.64;29387830;1;2.49;11802341.37;-2113894.17;-1;-0.61;17.57;;;;;
20240812;000000;128.38;129.35;127.11;128.71;25800830;1;2.24;11518227.68;3613748.301;1;0.33;17.9;;;;;
20240813;000000;128.79;130.8;128.79;130.49;23811100;1;2.01;11846318.41;8846858.334;1;1.7;19.6;;;;;
20240814;000000;130.8;131.49;129.51;129.84;21667760;-1;1.98;10943313.13;8447107.776;-1;-0.96;18.64;;;;;
20240815;000000;129.98;130.31;127.01;127.6;25693730;-1;3.3;7785978.788;1644621.961;-1;-2.38;16.26;;;;;
20240816;000000;127.61;128.24;125.26;126.36;30430620;-1;2.98;10211617.45;1611139.775;-1;-1.25;15.01;;;;;
20240819;000000;126.42;127.69;125.21;126.29;30450030;-1;2.48;12278237.9;-2538259.812;1;0.13;15.14;;;;;
20240820;000000;126.29;127.64;125.33;125.85;28164010;-1;2.31;12192212.12;-6790207.171;1;0.44;15.58;;;;;
20240821;000000;125.5;126.4;123.03;123.38;35932010;-1;3.37;10662317.51;-10906754.33;1;2.12;17.7;;;;;
20240822;000000;123.4;123.97;117.84;118.51;56139350;-1;6.13;9158132.137;-10718796.26;1;4.89;22.59;;;;;
20240823;000000;118.2;119.24;115;116.81;60586860;-1;4.24;14289353.77;-10717759.87;1;1.39;23.98;;;;;
20240826;000000;119.5;128.01;119.49;126.8;123117380;1;8.52;14450396.71;-11880399.86;-1;-7.3;16.68;;;;;
20240827;000000;127.3;127.98;122.52;124.47;92498810;-1;5.46;16941173.99;-4434090.236;1;2.83;19.51;;;;;
20240828;000000;124.34;125.67;121;124.51;71144630;1;4.67;15234396.15;-7598955.979;-1;-0.17;19.34;;;;;
20240829;000000;124.49;130.91;123.55;130.27;165035420;1;7.36;22423290.76;-578520.7028;-1;-5.78;13.56;;;;;
20240830;000000;130.88;131.3;122.6;122.97;121346360;-1;8.7;13947857.47;6332181.76;-1;-7.91;5.65;;;;;
20240902;000000;122.89;124.73;121.43;123.86;82837340;1;3.3;25102224.24;3134435.114;1;0.97;6.62;;;;;
20240903;000000;124.15;125.5;118.6;120.6;84447100;-1;6.9;12238710.14;7857528.414;-1;-3.55;3.07;;;;;
20240904;000000;120.7;122.9;119.66;122.46;45755380;1;3.24;14122030.86;5564362.551;1;1.76;4.83;;;;;
20240905;000000;123.5;124.95;121.54;123.76;49655790;1;3.41;14561815.25;7343858.805;1;0.26;5.09;;;;;
20240906;000000;123.75;124.6;122.26;123;24880630;-1;2.34;10632747.86;6610576.768;-1;-0.75;4.34;;;;;
20240909;000000;123.62;125.48;123.2;125.04;31663950;1;2.28;13887697.37;4779901.316;1;1.42;5.76;;;;;
20240910;000000;125.52;125.96;122.82;123.44;27943810;-1;3.14;8899302.548;4606250.87;-1;-2.08;3.68;;;;;
20240911;000000;123.4;123.67;121.35;121.62;22166340;-1;2.32;9554456.897;3267401.391;-1;-1.78;1.9;;;;;
20240912;000000;121.61;121.84;117.32;118.78;46780470;-1;4.52;10349661.5;-1321418.254;1;2.83;4.73;;;;;
20240913;000000;118.79;119.97;116.01;119.91;55804200;1;3.96;14091969.7;-5923003.646;-1;-1.12;3.61;;;;;
20240916;000000;120.6;122.62;119.52;121.73;38822020;1;3.1;12523232.26;852640.8055;1;1.13;4.74;;;;;
20240917;000000;121.92;123.47;120.17;123.1;36844620;1;3.3;11165036.36;1439200.437;1;1.18;5.92;;;;;
20240918;000000;122.63;123.9;121.9;122.18;30596960;-1;2;15298480;4934783.661;-1;-0.45;5.47;;;;;
20240919;000000;121.92;123.39;121.21;122.24;43276000;1;2.18;19851376.15;977618.8227;1;0.32;5.79;;;;;
20240920;000000;122.26;123.18;121.86;122.4;28494600;1;1.32;21586818.18;8795512.134;1;0.14;5.93;;;;;
20240923;000000;122.68;130.8;122.62;130.35;138202790;1;8.18;16895206.6;11276808.54;1;7.67;13.6;;;;;
20240924;000000;130.89;139.9;130.66;139.71;295791620;1;9.24;32012080.09;12077664.27;1;8.82;22.42;;;;;
20240925;000000;140.5;140.99;134.29;135.44;149560020;-1;6.7;22322391.04;17067061.81;-1;-5.06;17.36;;;;;
20240926;000000;134.94;138.48;133.64;137.35;131130280;1;4.84;27093033.06;10434888.07;1;2.41;19.77;;;;;
20240927;000000;137.58;141.77;136.4;140.5;86196110;1;5.37;16051417.13;15110979.28;1;2.92;22.69;;;;;
20240930;000000;140.51;144.2;136.82;138.19;236906630;-1;7.38;32101169.38;14177258.83;-1;-2.32;20.37;;;;;
20241001;000000;137.9;139.2;134.44;136.21;98465200;-1;4.76;20685966.39;961328.3524;-1;-1.69;18.68;;;;;
20241002;000000;136.21;137.16;131.7;132.12;66760070;-1;5.46;12227119.05;-8680184.636;1;4.09;22.77;;;;;
20241003;000000;131.59;134.16;130.32;133.87;57302470;1;3.84;14922518.23;-6320189.618;-1;-2.28;20.49;;;;;
20241004;000000;134.06;134.49;132.03;133.32;28779720;-1;2.46;11699073.17;-4840630.83;1;0.74;21.23;;;;;
20241007;000000;133.32;133.66;131.6;133.5;25422430;1;2.06;12340985.44;-11169772.74;-1;-0.18;21.05;;;;;
20241008;000000;133.18;134.88;132.9;133.83;32037150;1;1.98;16180378.79;-1783919.176;-1;-0.65;20.4;;;;;
20241009;000000;133.75;133.92;131.5;132.51;19454930;-1;2.42;8039227.273;5375424.094;-1;-1.24;19.16;;;;;
20241010;000000;132.46;133.49;132.15;132.69;17529590;1;1.34;13081783.58;3905022.809;1;0.23;19.39;;;;;
20241011;000000;132.79;132.91;131.52;131.82;21583200;-1;1.39;15527482.01;5007737.973;-1;-0.97;18.42;;;;;
20241014;000000;131.5;133.35;130.51;131.92;34719060;1;2.84;12225021.13;1706847.813;1;0.42;18.84;;;;;
20241015;000000;131.85;134.4;131.43;133.97;28284570;1;2.97;9523424.242;3897715.269;1;2.12;20.96;;;;;
20241016;000000;134.02;138.8;133.96;137.24;78137070;1;4.84;16144022.73;3200930.624;1;3.22;24.18;;;;;
20241017;000000;137.46;138.29;134.8;136.05;49307200;-1;3.49;14128137.54;8261634.055;-1;-1.41;22.77;;;;;
20241018;000000;136.26;137.3;134.8;135.67;26443420;-1;2.5;10577368;616093.4543;-1;-0.59;22.18;;;;;
20241021;000000;135.69;136.6;135.11;135.97;19244090;1;1.49;12915496.64;694351.578;1;0.28;22.46;;;;;
20241022;000000;136.12;140.08;135.51;136.24;55308450;1;4.57;12102505.47;3100985.16;1;0.12;22.58;;;;;
20241023;000000;136;137.5;134.13;134.76;35864930;-1;3.37;10642412.46;4447081.726;-1;-1.24;21.34;;;;;
20241024;000000;134.83;135.2;132.15;134.12;28806610;-1;3.05;9444790.164;-2212749.853;1;0.71;22.05;;;;;
20241025;000000;134.16;136.5;132;133;55151100;-1;4.5;12255800;-2236131.573;1;1.16;23.21;;;;;
20241028;000000;131.97;132.26;123.5;124.87;80382500;-1;8.76;9176084.475;-3119036.448;1;7.1;30.31;;;;;
20241029;000000;125.12;126.96;121.85;125.97;67260130;1;5.11;13162452.05;-6562760.951;-1;-0.85;29.46;;;;;
20241030;000000;126.11;127.2;123.52;123.8;35233650;-1;3.68;9574361.413;-3831139.683;1;2.31;31.77;;;;;
20241031;000000;123.4;124.94;122.25;123.44;34658890;1;2.69;12884345.72;-5209076.324;-1;-0.04;31.73;;;;;
20241101;000000;123.8;125.67;122.71;125.6;24628620;1;2.96;8320479.73;402110.6996;1;1.8;33.53;;;;;
20241102;000000;125.73;129.3;125.01;128.7;32510070;1;4.29;7578104.895;3909591.209;1;2.97;36.5;;;;;
20241105;000000;129;129.37;127.37;128.77;22989490;-1;2;11494745;6763804.092;-1;-0.23;36.27;;;;;
20241106;000000;133.12;136.59;130.4;131.92;108572240;-1;6.19;17539941.84;452036.5922;-1;-1.2;35.07;;;;;
20241107;000000;131.85;135.54;129.65;135.52;52608800;1;5.89;8931884.55;-2336378.206;-1;-3.67;31.4;;;;;
20241108;000000;135.81;137;133.64;135.9;64489980;1;3.36;19193446.43;-600380.4494;-1;-0.09;31.31;;;;;
20241111;000000;137.19;138.33;135.24;138.12;45550660;1;3.09;14741313.92;3333662.819;1;0.93;32.24;;;;;
20241112;000000;137.82;137.82;134.64;135.16;33025870;-1;3.18;10385493.71;4849969.146;-1;-2.66;29.58;;;;;
20241113;000000;134.98;136.65;132.27;132.6;32544540;-1;4.38;7430260.274;2234123.701;-1;-2.38;27.2;;;;;
20241114;000000;132.19;133.34;130.67;131.61;40467310;-1;2.67;15156295.88;3154070.813;-1;-0.58;26.62;;;;;
20241115;000000;131.63;134;131.02;133.37;48108260;1;2.98;16143711.41;-1971810.827;-1;-1.74;24.88;;;;;
20241118;000000;129.6;130.73;128.75;129.12;59824020;-1;1.98;30214151.52;703960.8628;-1;-0.48;24.4;;;;;
20241119;000000;128.99;129.38;123.8;125.49;59011060;-1;5.58;10575458.78;-10750522.14;1;3.5;27.9;;;;;
20241120;000000;126;126.78;120.36;121.89;61746510;-1;6.42;9617836.449;-10038439.55;1;4.11;32.01;;;;;
20241121;000000;122.19;124.35;119.62;124.1;77445200;1;4.73;16373192.39;-10180988.9;-1;-1.91;30.1;;;;;
20241122;000000;124.25;124.32;118.4;119.47;72008950;-1;5.92;12163673.99;-1730043.156;1;4.78;34.88;;;;;
20241125;000000;119.5;120.45;116.06;117.44;53734980;-1;4.39;12240314.35;-8521584.06;1;2.06;36.94;;;;;
20241126;000000;117.29;119.43;114.01;114.5;58925170;-1;5.42;10871802.58;-6311823.644;1;2.79;39.73;;;;;
20241127;000000;114.95;119.81;112.34;119.41;93117410;1;7.47;12465516.73;-6634179.135;-1;-4.46;35.27;;;;;
20241128;000000;119.98;121.5;118.25;120.29;54213000;1;3.25;16680923.08;-325178.7004;-1;-0.31;34.96;;;;;
20241129;000000;120.3;124.9;119.6;124.29;73143120;1;5.3;13800588.68;1167266.878;1;3.99;38.95;;;;;
20241202;000000;124.95;125.45;123.51;123.9;42480390;-1;1.94;21897108.25;5698243.538;-1;-1.05;37.9;;;;;
20241203;000000;123.94;124;120.71;121.48;34805300;-1;3.29;10579118.54;91818.87477;-1;-2.46;35.44;;;;;
20241204;000000;121.49;123.46;114.13;115.3;87345360;-1;9.33;9361774.92;-109502.8487;1;6.19;41.63;;;;;
20241205;000000;115.79;117.46;113;116.63;94782900;1;4.46;21251771.3;-3685475.273;-1;-0.84;40.79;;;;;
20241206;000000;117.02;117.32;113.9;114.99;48028560;-1;3.42;14043438.6;672748.038;-1;-2.03;38.76;;;;;
