<DATE>;<TIME>;<LAST>;<VOL>;<ID>;<OPER>
20241108;095937;714.1;1;2038472614908789462;B
20241108;100127;714.1;2;2038472614908789463;S
20241108;100301;714.9;2;2038472614908789464;B
20241108;100313;714.9;3;2038472614908789465;B
20241108;100345;711.4;4;2038472614908789466;S
20241108;100345;711.3;2;2038472614908789467;S
20241108;100345;711.3;1;2038472614908789468;S
20241108;100345;711.3;1;2038472614908789473;S
20241108;100345;711.2;5;2038472614908789474;S
20241108;100345;711.1;2;2038472614908789479;S
20241108;100345;711.1;3;2038472614908789484;S
20241108;100345;711;1;2038472614908789485;S
20241108;100345;711;3;2038472614908789486;S
20241108;100345;711;4;2038472614908789487;S
20241108;100345;711;1;2038472614908789488;S
20241108;100345;710.9;2;2038472614908789489;S
20241108;100345;710.5;3;2038472614908789490;S
20241108;100408;710.5;2;2038472614908789491;S
20241108;100408;710;2;2038472614908789492;S
20241108;100408;710;4;2038472614908789493;S
20241108;100408;709.5;2;2038472614908789494;S
20241108;100408;709.1;2;2038472614908789495;S
20241108;100408;709;2;2038472614908789496;S
20241108;100508;711.9;1;2038472614908789497;B
20241108;100508;712;4;2038472614908789498;B
20241108;100513;709.9;1;2038472614908789499;S
20241108;100513;709.9;1;2038472614908789500;S
20241108;100513;709.8;1;2038472614908789501;S
20241108;100524;709.6;10;2038472614908789502;B
20241108;100524;709.6;3;2038472614908789503;B
20241108;100530;709.6;3;2038472614908789504;B
20241108;100533;709.6;1;2038472614908789505;B
20241108;100534;709.6;5;2038472614908789506;B
20241108;100535;709.6;1;2038472614908789507;B
20241108;100536;709.6;1;2038472614908789508;B
20241108;100543;709.6;1;2038472614908789509;B
20241108;100552;709.5;10;2038472614908789510;S
20241108;100600;709.6;10;2038472614908789511;B
20241108;100625;709.6;3;2038472614908789512;S
20241108;100625;709.5;7;2038472614908789513;S
20241108;100735;709.7;5;2038472614908789514;S
20241108;100735;709.7;1;2038472614908789515;S
20241108;100735;709.7;2;2038472614908789516;S
20241108;100834;711.9;1;2038472614908789517;B
20241108;100834;711.9;1;2038472614908789518;B
20241108;100834;712;3;2038472614908789519;B
20241108;100834;712;3;2038472614908789520;B
20241108;100834;712;1;2038472614908789521;B
20241108;100834;712;1;2038472614908789522;B
20241108;100834;712.1;1;2038472614908789523;B
20241108;100901;712.1;1;2038472614908789524;S
20241108;100901;711.2;1;2038472614908789525;S
20241108;101519;712.4;1;2038472614908789526;B
20241108;101527;712.5;1;2038472614908789527;B
20241108;101527;712.5;1;2038472614908789528;B
20241108;101640;712.1;1;2038472614908789529;S
20241108;101836;712.1;3;2038472614908789530;S
20241108;101921;712.1;5;2038472614908789531;S
20241108;101921;712;1;2038472614908789532;S
20241108;101921;711.6;1;2038472614908789533;S
20241108;101921;711;1;2038472614908789534;S
20241108;102012;711;4;2038472614908789535;S
20241108;102017;710.9;2;2038472614908789536;S
20241108;102103;710.9;1;2038472614908789537;S
20241108;102502;710.7;1;2038472614908789538;S
20241108;102502;710.7;1;2038472614908789539;S
20241108;102949;710.2;2;2038472614908789544;S
20241108;102957;710.3;3;2038472614908789545;S
20241108;102957;710.2;2;2038472614908789546;S
20241108;103229;710.3;1;2038472614908789547;S
20241108;103625;711.2;1;2038472614908789548;B
20241108;103642;710.3;6;2038472614908789549;S
20241108;103642;710.3;2;2038472614908789550;S
20241108;103642;710.2;2;2038472614908789551;S
20241108;103752;710.2;2;2038472614908789552;S
20241108;104012;710.2;2;2038472614908789553;S
20241108;104012;710.2;1;2038472614908789554;S
20241108;104701;710.2;1;2038472614908789555;B
20241108;105623;710.2;1;2038472614908789556;S
20241108;105623;710.2;7;2038472614908789557;S
20241108;105623;710.1;6;2038472614908789558;S
20241108;105623;710;1;2038472614908789559;S
20241108;105623;710;1;2038472614908789560;S
20241108;105623;710;1;2038472614908789561;S
20241108;105623;709.7;1;2038472614908789562;S
20241108;105623;709.7;1;2038472614908789563;S
20241108;105623;709.7;2;2038472614908789564;S
20241108;105623;709.6;2;2038472614908789565;S
20241108;105623;709.5;3;2038472614908789566;S
20241108;105623;709.4;2;2038472614908789567;S
20241108;105623;709.4;1;2038472614908789568;S
20241108;105623;709.3;2;2038472614908789569;S
20241108;105756;710.1;1;2038472614908789570;B
20241108;110041;710.1;1;2038472614908789571;B
20241108;110041;710.1;5;2038472614908789572;B
20241108;110041;710.3;34;2038472614908789573;B
20241108;110055;710.3;15;2038472614908789574;B
20241108;110102;710.3;1;2038472614908789575;B
20241108;110421;710.3;3;2038472614908789576;B
20241108;110858;710.3;4;2038472614908789577;B
20241108;110925;710.3;5;2038472614908789578;B
20241108;111602;710.6;1;2038472614908789579;S
20241108;111707;710.5;1;2038472614908789580;S
20241108;111707;710.4;1;2038472614908789581;S
20241108;111707;710.1;6;2038472614908789582;S
20241108;111707;710;1;2038472614908789583;S
20241108;111707;710;1;2038472614908789584;S
20241108;111707;709.9;4;2038472614908789585;S
20241108;111923;709.9;1;2038472614908789586;S
20241108;111931;709.9;4;2038472614908789587;S
20241108;112246;709.9;2;2038472614908789588;S
20241108;112321;710.6;1;2038472614908789590;B
20241108;112425;711.9;1;2038472614908789594;B
20241108;112512;711.9;1;2038472614908789595;B
20241108;112512;712;1;2038472614908789596;B
20241108;112948;712;4;2038472614908789597;B
20241108;113051;711.1;1;2038472614908789598;S
20241108;113051;711;1;2038472614908789599;S
20241108;113439;711;1;2038472614908789600;S
20241108;113439;710.7;1;2038472614908789601;S
20241108;113448;710.4;3;2038472614908789602;S
20241108;114858;710.7;5;2038472614908789607;S
20241108;115541;711.3;1;2038472614908789608;B
20241108;120433;710.6;1;2038472614908789609;S
20241108;120433;710.5;4;2038472614908789610;S
20241108;120433;710.1;1;2038472614908789611;S
20241108;120457;711.5;1;2038472614908789612;B
20241108;120457;711.5;1;2038472614908789613;B
20241108;120457;711.6;2;2038472614908789614;B
20241108;120530;711.7;1;2038472614908789615;B
20241108;120630;711.2;2;2038472614908789616;S
20241108;120630;711.2;1;2038472614908789617;S
20241108;120847;711.6;1;2038472614908789618;B
20241108;121015;711.7;2;2038472614908789619;B
20241108;121116;710.7;1;2038472614908789620;S
20241108;121217;710.4;1;2038472614908789621;S
20241108;122303;710.1;2;2038472614908789622;S
20241108;122439;710.1;1;2038472614908789623;S
20241108;122439;710;5;2038472614908789624;S
20241108;122439;710;2;2038472614908789625;S
20241108;122511;710.3;3;2038472614908789626;B
20241108;122720;710;1;2038472614908789628;S
20241108;122721;710;1;2038472614908789634;S
20241108;122755;710.3;4;2038472614908789638;B
20241108;122755;710.3;1;2038472614908789639;B
20241108;122904;711.4;1;2038472614908789640;B
20241108;123756;711.3;4;2038472614908789641;B
20241108;123756;710.4;1;2038472614908789642;S
20241108;123756;710.4;1;2038472614908789643;S
20241108;123756;710.3;1;2038472614908789644;S
20241108;123756;710.2;8;2038472614908789645;S
20241108;124503;710.7;1;2038472614908789652;B
20241108;124503;710.7;8;2038472614908789653;B
20241108;124503;711;5;2038472614908789654;B
20241108;124503;711.3;1;2038472614908789655;B
20241108;124507;711.4;5;2038472614908789656;B
20241108;124507;711.6;10;2038472614908789657;B
20241108;124507;712;2;2038472614908789658;B
20241108;124507;712.1;8;2038472614908789659;B
20241108;124507;712.5;1;2038472614908789660;B
20241108;124507;712.6;2;2038472614908789665;B
20241108;124507;712.6;4;2038472614908789666;B
20241108;124507;713;1;2038472614908789671;B
20241108;124507;713;1;2038472614908789672;B
20241108;124507;713.1;2;2038472614908789677;B
20241108;124507;713.1;2;2038472614908789678;B
20241108;124507;713.1;2;2038472614908789679;B
20241108;124507;713.1;2;2038472614908789680;B
20241108;124507;713.1;1;2038472614908789685;B
20241108;124507;713.3;1;2038472614908789690;B
20241108;124507;713.5;1;2038472614908789695;B
20241108;124507;713.6;1;2038472614908789696;B
20241108;124507;713.7;1;2038472614908789697;B
20241108;124507;713.7;2;2038472614908789698;B
20241108;124507;713.8;2;2038472614908789699;B
20241108;124507;713.8;3;2038472614908789700;B
20241108;124514;713.1;2;2038472614908789701;B
20241108;124514;713.5;2;2038472614908789702;B
20241108;124514;713.8;11;2038472614908789703;B
20241108;124517;713.8;21;2038472614908789704;S
20241108;124518;714;4;2038472614908789705;B
20241108;124518;714;15;2038472614908789706;B
20241108;124522;714.1;15;2038472614908789707;B
20241108;124522;714.2;14;2038472614908789708;B
20241108;124522;714.2;1;2038472614908789709;B
20241108;124523;714.5;2;2038472614908789710;B
20241108;124523;714.9;2;2038472614908789711;B
20241108;124523;714.9;18;2038472614908789712;B
20241108;124523;714.9;2;2038472614908789713;B
20241108;124532;715;1;2038472614908789714;B
20241108;124535;716.7;2;2038472614908789719;B
20241108;124535;716.7;12;2038472614908789720;B
20241108;124602;717;1;2038472614908789721;B
20241108;124602;717.6;2;2038472614908789722;B
20241108;124602;718;1;2038472614908789723;B
20241108;124602;718.2;7;2038472614908789724;B
20241108;124602;718.4;1;2038472614908789725;B
20241108;124602;718.4;1;2038472614908789726;B
20241108;124602;718.5;18;2038472614908789727;B
20241108;124602;718.8;3;2038472614908789728;B
20241108;124602;719;3;2038472614908789729;B
20241108;124602;719;10;2038472614908789730;B
20241108;124602;719;5;2038472614908789731;B
20241108;124602;719;2;2038472614908789732;B
20241108;124602;719.3;5;2038472614908789737;B
20241108;124602;719.6;1;2038472614908789742;B
20241108;124602;719.7;2;2038472614908789747;B
20241108;124602;719.8;2;2038472614908789752;B
20241108;124602;719.9;8;2038472614908789753;B
20241108;124602;720;1;2038472614908789754;B
20241108;124602;720;5;2038472614908789755;B
20241108;124602;720.2;1;2038472614908789756;B
20241108;124602;721;2;2038472614908789761;B
20241108;124602;721.2;4;2038472614908789762;B
20241108;124602;721.9;2;2038472614908789767;B
20241108;124602;721.9;1;2038472614908789772;B
20241108;124602;722;5;2038472614908789777;B
20241108;124602;722;1;2038472614908789778;B
20241108;124602;722;2;2038472614908789779;B
20241108;124602;723.2;2;2038472614908789784;B
20241108;124602;724;3;2038472614908789785;B
20241108;124602;724.4;5;2038472614908789786;B
20241108;124602;725;2;2038472614908789787;B
20241108;124602;721.8;1;2038472614908789788;S
20241108;124602;725;1;2038472614908789789;B
20241108;124602;725;2;2038472614908789790;B
20241108;124602;725;1;2038472614908789791;B
20241108;124602;721.8;1;2038472614908789792;S
20241108;124602;721.7;1;2038472614908789793;S
20241108;124603;721.7;6;2038472614908789794;S
20241108;124603;722.2;1;2038472614908789795;B
20241108;124603;722.8;5;2038472614908789796;B
20241108;124603;722.8;1;2038472614908789797;B
20241108;124603;722.7;1;2038472614908789798;B
20241108;124603;722.8;1;2038472614908789799;B
20241108;124603;721.9;1;2038472614908789800;S
20241108;124603;721.8;1;2038472614908789801;S
20241108;124603;721.7;3;2038472614908789802;S
20241108;124603;721.7;1;2038472614908789803;S
20241108;124603;721.7;2;2038472614908789804;S
20241108;124603;722.9;1;2038472614908789805;B
20241108;124603;722.9;1;2038472614908789806;B
20241108;124603;724.2;2;2038472614908789807;B
20241108;124603;724.9;1;2038472614908789808;B
20241108;124603;725;1;2038472614908789809;B
20241108;124617;722.8;1;2038472614908789810;B
20241108;124617;725;1;2038472614908789811;B
20241108;124617;725;6;2038472614908789812;B
20241108;124617;725;2;2038472614908789813;B
20241108;124617;722.9;1;2038472614908789814;S
20241108;124623;722.8;1;2038472614908789815;S
20241108;124625;722.7;1;2038472614908789816;S
20241108;124625;722;1;2038472614908789817;S
20241108;124625;721.9;1;2038472614908789818;S
20241108;124625;721.8;1;2038472614908789819;S
20241108;124625;720.8;5;2038472614908789820;S
20241108;124636;720;1;2038472614908789821;S
20241108;124638;720;4;2038472614908789822;S
20241108;124647;720;8;2038472614908789823;B
20241108;124648;719.2;5;2038472614908789824;S
20241108;124648;719.2;2;2038472614908789825;S
20241108;124648;719.2;23;2038472614908789826;S
20241108;124720;721.1;1;2038472614908789827;B
20241108;124725;721;1;2038472614908789828;B
20241108;124725;721.1;2;2038472614908789829;B
20241108;124733;720.1;1;2038472614908789830;S
20241108;124733;720;4;2038472614908789831;S
20241108;124733;720;1;2038472614908789832;S
20241108;124825;720.8;1;2038472614908789833;S
20241108;124836;719.2;5;2038472614908789834;S
20241108;124851;718.5;1;2038472614908789835;S
20241108;124851;718.5;1;2038472614908789836;B
20241108;124904;718.1;7;2038472614908789837;S
20241108;124912;717.9;2;2038472614908789838;S
20241108;124912;717.6;48;2038472614908789839;S
20241108;124923;717.7;1;2038472614908789840;S
20241108;124939;717.2;2;2038472614908789841;S
20241108;124939;717.1;2;2038472614908789842;S
20241108;124939;717.1;2;2038472614908789843;S
20241108;124945;717.1;2;2038472614908789844;S
20241108;125034;716.5;1;2038472614908789845;S
20241108;125034;716.1;109;2038472614908789846;S
20241108;125044;715.8;1;2038472614908789847;S
20241108;125044;715.2;1;2038472614908789848;S
20241108;125044;715.1;28;2038472614908789849;S
20241108;125052;715;5;2038472614908789850;S
20241108;125056;715;4;2038472614908789851;S
20241108;125056;714.2;3;2038472614908789852;S
20241108;125056;714.2;3;2038472614908789853;S
20241108;125101;715.9;1;2038472614908789854;B
20241108;125111;714.2;1;2038472614908789855;S
20241108;125111;714.1;2;2038472614908789856;S
20241108;125111;713.5;8;2038472614908789857;S
20241108;125132;713.4;1;2038472614908789858;B
20241108;125132;713.4;1;2038472614908789859;B
20241108;125132;713.4;3;2038472614908789860;B
20241108;125132;713.4;1;2038472614908789861;B
20241108;125132;713.5;30;2038472614908789862;B
20241108;125146;713.4;1;2038472614908789863;S
20241108;125148;713.4;4;2038472614908789864;S
20241108;125148;713.3;5;2038472614908789865;S
20241108;125148;713.2;1;2038472614908789866;S
20241108;125148;713.1;2;2038472614908789867;S
20241108;125148;713;2;2038472614908789868;S
20241108;125148;713;2;2038472614908789869;S
20241108;125148;712.7;2;2038472614908789870;S
20241108;125148;712.3;3;2038472614908789871;S
20241108;125148;712.3;1;2038472614908789872;S
20241108;125148;712.3;1;2038472614908789873;S
20241108;125148;712.2;1;2038472614908789874;S
20241108;125154;712.3;1;2038472614908789875;S
20241108;125154;712.2;4;2038472614908789876;S
20241108;125154;713.3;1;2038472614908789877;B
20241108;125202;713.3;2;2038472614908789878;B
20241108;125202;713.3;1;2038472614908789879;B
20241108;125207;712.3;1;2038472614908789880;S
20241108;125207;712.2;4;2038472614908789881;S
20241108;125218;712.6;5;2038472614908789882;S
20241108;125240;712.6;3;2038472614908789883;S
20241108;125251;714.1;1;2038472614908789884;B
20241108;125251;714.1;1;2038472614908789885;B
20241108;125251;714.2;2;2038472614908789886;B
20241108;125251;714.9;1;2038472614908789887;B
20241108;125306;713.8;1;2038472614908789888;S
20241108;125306;713.7;1;2038472614908789889;S
20241108;125306;713.4;1;2038472614908789890;S
20241108;125306;713.4;1;2038472614908789891;S
20241108;125318;714.7;1;2038472614908789892;S
20241108;125325;714.8;1;2038472614908789893;B
20241108;125325;714.9;2;2038472614908789894;B
20241108;125348;715;1;2038472614908789895;B
20241108;125348;715;1;2038472614908789896;B
20241108;125348;715.1;1;2038472614908789897;B
20241108;125428;715.1;2;2038472614908789898;B
20241108;125517;715;1;2038472614908789899;B
20241108;125517;714.9;1;2038472614908789900;S
20241108;125530;714.4;1;2038472614908789901;S
20241108;125531;714.2;2;2038472614908789902;S
20241108;125531;714.1;1;2038472614908789903;S
20241108;125619;714.8;1;2038472614908789904;S
20241108;125809;714.6;1;2038472614908789905;B
20241108;125817;714.7;1;2038472614908789906;B
20241108;125828;714.6;1;2038472614908789907;S
20241108;125839;714.5;4;2038472614908789908;B
20241108;125847;714.6;10;2038472614908789909;B
20241108;125849;713.9;1;2038472614908789913;S
20241108;125849;713.8;1;2038472614908789918;S
20241108;125849;713.8;3;2038472614908789923;S
20241108;125850;714.6;19;2038472614908789927;B
20241108;125850;714.8;1;2038472614908789928;B
20241108;125850;714.9;7;2038472614908789929;B
20241108;125850;715.1;7;2038472614908789930;B
20241108;125850;715.1;2;2038472614908789931;B
20241108;125850;715.2;8;2038472614908789932;S
20241108;125850;715.9;6;2038472614908789933;B
20241108;125858;715.9;14;2038472614908789934;B
20241108;125902;716.5;1;2038472614908789935;B
20241108;125913;716.5;1;2038472614908789936;B
20241108;125913;716.5;2;2038472614908789937;B
20241108;125913;716.6;1;2038472614908789938;B
20241108;125954;716.6;9;2038472614908789939;B
20241108;130018;716.9;1;2038472614908789940;B
20241108;130045;716.9;1;2038472614908789941;B
20241108;130045;717.1;4;2038472614908789942;B
20241108;130117;717.1;1;2038472614908789943;B
20241108;130126;717.1;18;2038472614908789944;B
20241108;130133;717.1;7;2038472614908789945;B
20241108;130133;717.2;2;2038472614908789946;B
20241108;130217;717.6;1;2038472614908789947;B
20241108;130301;717.6;1;2038472614908789948;B
20241108;130301;717.6;1;2038472614908789949;B
20241108;130301;717.6;7;2038472614908789950;B
20241108;130301;717.6;2;2038472614908789951;B
20241108;130301;717.6;1;2038472614908789952;B
20241108;130301;717.6;1;2038472614908789953;B
20241108;130301;717.6;1;2038472614908789954;B
20241108;130301;717.6;1;2038472614908789955;B
20241108;130301;717.6;4;2038472614908789956;B
20241108;130301;717.6;1;2038472614908789957;B
20241108;130301;717.6;1;2038472614908789958;B
20241108;130301;717.6;1;2038472614908789959;B
20241108;130301;717.6;1;2038472614908789960;B
20241108;130301;717.6;4;2038472614908789961;B
20241108;130301;717.6;1;2038472614908789962;B
20241108;130301;717.6;1;2038472614908789963;B
20241108;130301;717.6;1;2038472614908789964;B
20241108;130301;717.6;1;2038472614908789965;B
20241108;130301;717.6;1;2038472614908789966;B
20241108;130301;718;1;2038472614908789967;B
20241108;130301;718;1;2038472614908789968;B
20241108;130302;718;3;2038472614908789969;B
20241108;130317;718;1;2038472614908789970;B
20241108;130323;718;1;2038472614908789971;B
20241108;130417;718;1;2038472614908789972;B
20241108;130438;717.9;1;2038472614908789973;S
20241108;130440;717.9;8;2038472614908789974;S
20241108;130440;717.9;1;2038472614908789975;S
20241108;130514;717.9;1;2038472614908789976;B
20241108;130514;718;1;2038472614908789977;B
20241108;130546;716.9;1;2038472614908789978;S
20241108;130546;716.8;4;2038472614908789979;S
20241108;130547;716.8;3;2038472614908789980;S
20241108;130547;716.7;32;2038472614908789981;S
20241108;130553;717.7;1;2038472614908789982;B
20241108;130553;717.8;19;2038472614908789983;B
20241108;130605;717.8;1;2038472614908789984;B
20241108;130815;716.9;15;2038472614908789985;S
20241108;130831;716.9;1;2038472614908789986;S
20241108;130914;717.7;1;2038472614908789987;B
20241108;130956;717.8;5;2038472614908789988;B
20241108;131057;716.7;1;2038472614908789989;S
20241108;131230;717;30;2038472614908789990;S
20241108;131231;717;1;2038472614908789991;S
20241108;131238;717.4;30;2038472614908789992;S
20241108;131258;717.6;1;2038472614908789993;B
20241108;131258;717.7;1;2038472614908789994;B
20241108;131258;717.8;2;2038472614908789995;B
20241108;131258;717.8;1;2038472614908789996;B
20241108;131258;717.8;5;2038472614908789997;B
20241108;131324;716.6;1;2038472614908789998;S
20241108;131411;717.6;1;2038472614908789999;B
20241108;131413;717.7;2;2038472614908790000;B
20241108;131413;717.7;1;2038472614908790001;B
20241108;131413;717.8;7;2038472614908790002;B
20241108;131437;717.8;58;2038472614908790003;B
20241108;131437;717.8;50;2038472614908790004;B
20241108;131451;718;10;2038472614908790005;B
20241108;131656;716.7;1;2038472614908790006;S
20241108;131656;716.7;1;2038472614908790007;S
20241108;131719;716.6;2;2038472614908790008;S
20241108;131724;716.6;1;2038472614908790009;B
20241108;131831;716.3;1;2038472614908790010;B
20241108;131831;716.4;21;2038472614908790011;B
20241108;131849;716.7;3;2038472614908790012;B
20241108;131849;716.7;1;2038472614908790013;B
20241108;132004;718;31;2038472614908790014;B
20241108;132004;718;2;2038472614908790015;B
20241108;132004;718;10;2038472614908790016;B
20241108;132036;718.3;1;2038472614908790017;S
20241108;132037;718.5;2;2038472614908790018;B
20241108;132037;718.7;4;2038472614908790019;B
20241108;132037;718.9;1;2038472614908790020;B
20241108;132037;718.9;1;2038472614908790021;B
20241108;132037;718.9;1;2038472614908790022;B
20241108;132038;718.9;1;2038472614908790023;B
20241108;132038;719.5;4;2038472614908790024;B
20241108;132038;719.5;10;2038472614908790025;B
20241108;132046;718.3;1;2038472614908790026;S
20241108;132058;718.2;5;2038472614908790027;S
20241108;132126;718.2;6;2038472614908790028;S
20241108;132126;718.2;1;2038472614908790029;S
20241108;132126;718.1;92;2038472614908790030;S
20241108;132324;717.8;6;2038472614908790031;B
20241108;132324;718;50;2038472614908790032;B
20241108;132332;718;1;2038472614908790033;S
20241108;132711;715.8;1;2038472614908790034;S
20241108;132712;715.6;11;2038472614908790035;S
20241108;132728;716.6;1;2038472614908790036;B
20241108;132728;716.7;1;2038472614908790037;B
20241108;133125;716;1;2038472614908790038;S
20241108;133528;717.4;2;2038472614908790039;S
20241108;133640;717.9;1;2038472614908790040;B
20241108;133640;717.9;1;2038472614908790041;B
20241108;133640;718;2;2038472614908790042;B
20241108;133640;718.9;2;2038472614908790043;B
20241108;133640;719;9;2038472614908790044;B
20241108;133759;719.1;2;2038472614908790045;S
20241108;133829;719.1;1;2038472614908790046;S
20241108;133943;719.1;10;2038472614908790047;S
20241108;134045;719.4;11;2038472614908790048;B
20241108;134045;719.5;4;2038472614908790049;B
20241108;134045;719.5;17;2038472614908790050;B
20241108;134045;719.6;3;2038472614908790051;B
20241108;134216;719.4;4;2038472614908790052;S
20241108;134312;719.5;6;2038472614908790053;S
20241108;134407;719.5;1;2038472614908790054;S
20241108;134536;719.6;6;2038472614908790055;B
20241108;134541;719.6;6;2038472614908790056;B
20241108;134549;719.6;1;2038472614908790057;B
20241108;134549;719.6;2;2038472614908790058;B
20241108;134549;719.8;3;2038472614908790059;B
20241108;134604;719.8;2;2038472614908790060;B
20241108;134623;719.8;10;2038472614908790061;B
20241108;134631;719.8;15;2038472614908790062;B
20241108;134732;720;1;2038472614908790063;B
20241108;134757;720;1;2038472614908790064;B
20241108;134757;720;5;2038472614908790065;B
20241108;134800;720;5;2038472614908790066;B
20241108;134816;720.1;2;2038472614908790067;B
20241108;134901;720.2;5;2038472614908790068;S
20241108;134908;720.2;11;2038472614908790069;S
20241108;134908;720.1;14;2038472614908790070;S
20241108;134908;720.1;1;2038472614908790071;S
20241108;134940;720;2;2038472614908790072;S
20241108;134942;720;5;2038472614908790073;S
20241108;134958;720;2;2038472614908790074;S
20241108;135021;720;1;2038472614908790075;S
20241108;135021;719.6;1;2038472614908790076;S
20241108;135021;719;1;2038472614908790077;S
20241108;135130;719.2;4;2038472614908790078;S
20241108;135147;719.2;4;2038472614908790079;S
20241108;135201;719.6;1;2038472614908790080;B
20241108;135254;719.2;1;2038472614908790081;S
20241108;135309;719.2;1;2038472614908790082;S
20241108;135533;719.6;51;2038472614908790083;B
20241108;135533;719.7;50;2038472614908790084;B
20241108;135618;719.8;1;2038472614908790085;B
20241108;135618;719.8;1;2038472614908790086;B
20241108;135618;720;1;2038472614908790087;B
20241108;135618;720.1;5;2038472614908790088;B
20241108;135653;720.5;1;2038472614908790090;B
20241108;135711;719.8;1;2038472614908790091;S
20241108;135711;719.7;1;2038472614908790092;S
20241108;135723;720.4;7;2038472614908790093;B
20241108;135728;719.7;1;2038472614908790094;S
20241108;135729;719.7;1;2038472614908790095;S
20241108;135733;719.7;1;2038472614908790100;S
20241108;135741;719.7;2;2038472614908790101;S
20241108;135749;719.7;2;2038472614908790102;S
20241108;135758;719.7;3;2038472614908790103;S
20241108;135821;719.7;10;2038472614908790104;S
20241108;135859;720.4;1;2038472614908790106;B
20241108;135913;719.7;25;2038472614908790107;S
20241108;135929;719.7;2;2038472614908790109;S
20241108;135941;719.4;1;2038472614908790110;S
20241108;135949;719.5;1;2038472614908790111;S
20241108;140515;719.3;30;2038472614908790112;B
20241108;140515;719.4;1;2038472614908790113;B
20241108;140515;719.7;1;2038472614908790114;B
20241108;140515;720.5;1;2038472614908790115;B
20241108;140515;721;5;2038472614908790116;B
20241108;140515;721;9;2038472614908790117;B
20241108;140515;720.9;2;2038472614908790118;B
20241108;140515;721.1;21;2038472614908790119;S
20241108;140515;721.2;1;2038472614908790120;B
20241108;140515;721.1;51;2038472614908790121;S
20241108;140518;720.6;10;2038472614908790122;S
20241108;140535;721.8;2;2038472614908790123;B
20241108;140609;721.8;1;2038472614908790124;B
20241108;140654;718.3;1;2038472614908790125;S
20241108;140709;720.4;1;2038472614908790126;B
20241108;140713;718.3;1;2038472614908790127;S
20241108;140902;718.5;1;2038472614908790128;B
20241108;140902;718.6;1;2038472614908790129;B
20241108;141056;719.3;1;2038472614908790130;S
20241108;141151;720.7;1;2038472614908790131;B
20241108;141151;720.8;4;2038472614908790132;B
20241108;141201;720.8;1;2038472614908790133;B
20241108;141210;719.8;1;2038472614908790134;S
20241108;141230;720.1;5;2038472614908790135;S
20241108;141234;720;2;2038472614908790136;S
20241108;141239;719.9;1;2038472614908790137;B
20241108;141311;718.2;1;2038472614908790138;S
20241108;141311;718.1;1;2038472614908790139;S
20241108;141311;716.7;2;2038472614908790140;S
20241108;141311;716.4;2;2038472614908790141;S
20241108;141325;715.7;4;2038472614908790142;S
20241108;141326;715.7;2;2038472614908790143;S
20241108;141420;717.2;1;2038472614908790144;B
20241108;141506;716.9;1;2038472614908790145;B
20241108;141644;718.2;1;2038472614908790147;B
20241108;142034;715.7;1;2038472614908790148;S
20241108;142034;715.7;1;2038472614908790149;S
20241108;142056;717.8;1;2038472614908790150;B
20241108;142056;717.8;1;2038472614908790151;B
20241108;142056;717.9;4;2038472614908790152;B
20241108;142056;718.1;5;2038472614908790153;B
20241108;142059;718.3;5;2038472614908790154;S
20241108;142127;718.3;1;2038472614908790155;S
20241108;142333;718.8;16;2038472614908790156;S
20241108;142334;718.8;14;2038472614908790157;S
20241108;142335;718.8;1;2038472614908790158;S
20241108;142358;718.8;5;2038472614908790159;S
20241108;142409;718;1;2038472614908790160;S
20241108;142409;718;1;2038472614908790161;S
20241108;142430;716;1;2038472614908790162;S
20241108;142740;718.8;1;2038472614908790163;B
20241108;142740;718.8;1;2038472614908790164;B
20241108;142740;718.9;1;2038472614908790165;B
20241108;142740;718.9;1;2038472614908790166;B
20241108;142740;719;4;2038472614908790167;B
20241108;142741;719.1;5;2038472614908790168;B
20241108;142741;719.2;1;2038472614908790169;B
20241108;142741;719.3;1;2038472614908790170;B
20241108;142741;719.4;1;2038472614908790171;B
20241108;142825;719.5;5;2038472614908790172;B
20241108;142825;720;1;2038472614908790173;B
20241108;142825;720;2;2038472614908790174;B
20241108;142840;718.6;1;2038472614908790175;S
20241108;142938;719.9;1;2038472614908790176;B
20241108;142938;720;2;2038472614908790177;B
20241108;142938;720.1;1;2038472614908790178;B
20241108;142938;720.8;1;2038472614908790179;B
20241108;143004;720.9;5;2038472614908790180;B
20241108;143013;720.1;1;2038472614908790181;S
20241108;143057;719.8;1;2038472614908790182;S
20241108;143057;719.7;1;2038472614908790183;S
20241108;143212;717.1;4;2038472614908790184;S
20241108;143212;717;1;2038472614908790185;S
20241108;143237;718.6;1;2038472614908790186;B
20241108;143242;718.4;1;2038472614908790187;B
20241108;143248;718.6;1;2038472614908790188;B
20241108;143248;718.7;1;2038472614908790189;B
20241108;143253;718.7;2;2038472614908790190;B
20241108;143253;718.8;2;2038472614908790191;B
20241108;143310;717.3;1;2038472614908790192;S
20241108;143310;717.3;1;2038472614908790193;S
20241108;143310;717.2;2;2038472614908790194;S
20241108;143310;717.2;1;2038472614908790195;S
20241108;143310;716.2;3;2038472614908790196;S
20241108;143322;718.4;1;2038472614908790197;B
20241108;143327;718.4;1;2038472614908790198;B
20241108;143349;718.2;1;2038472614908790199;B
20241108;143352;716.7;1;2038472614908790200;S
20241108;143352;716.7;1;2038472614908790201;S
20241108;143353;716.7;1;2038472614908790202;S
20241108;143358;716.4;1;2038472614908790203;S
20241108;143358;716.3;9;2038472614908790204;S
20241108;143406;716.3;4;2038472614908790205;S
20241108;143406;716.2;2;2038472614908790206;S
20241108;143406;716;1;2038472614908790207;S
20241108;143412;715.6;5;2038472614908790208;S
20241108;143414;715.6;1;2038472614908790209;S
20241108;143414;715.5;4;2038472614908790210;S
20241108;143414;715.5;1;2038472614908790211;S
20241108;143414;715.4;1;2038472614908790212;S
20241108;143414;715.4;5;2038472614908790213;S
20241108;143414;715.3;2;2038472614908790214;S
20241108;143414;715;1;2038472614908790215;S
20241108;143414;715;4;2038472614908790216;S
20241108;143414;714.7;6;2038472614908790217;S
20241108;143501;714.7;14;2038472614908790218;S
20241108;143501;714.4;3;2038472614908790219;S
20241108;143503;714.2;1;2038472614908790224;S
20241108;143503;714.1;4;2038472614908790229;S
20241108;143507;715.1;1;2038472614908790230;B
20241108;143533;714.2;1;2038472614908790231;S
20241108;143659;715.1;2;2038472614908790238;B
20241108;143659;715.1;1;2038472614908790239;B
20241108;143659;715.2;12;2038472614908790240;B
20241108;143659;715.2;5;2038472614908790241;B
20241108;143702;715.2;5;2038472614908790242;B
20241108;143721;716.4;1;2038472614908790243;B
20241108;143832;716.4;1;2038472614908790245;B
20241108;143939;714.7;1;2038472614908790246;S
20241108;144103;716.5;13;2038472614908790247;S
20241108;144116;716;13;2038472614908790248;B
20241108;144116;716.1;10;2038472614908790249;B
20241108;144141;715.9;8;2038472614908790250;B
20241108;144220;715.3;1;2038472614908790251;S
20241108;144221;715.2;5;2038472614908790252;S
20241108;144523;715.1;3;2038472614908790253;S
20241108;144523;715.1;10;2038472614908790254;S
20241108;145018;716.4;1;2038472614908790255;B
20241108;145223;715.6;1;2038472614908790256;S
20241108;145223;715.5;1;2038472614908790257;S
20241108;145223;715.5;2;2038472614908790258;S
20241108;145748;715.5;1;2038472614908790259;B
20241108;145906;715.1;1;2038472614908790260;S
20241108;150241;716.5;2;2038472614908790261;B
20241108;150241;716.6;6;2038472614908790262;B
20241108;150317;716.6;2;2038472614908790263;B
20241108;150317;716.7;9;2038472614908790264;B
20241108;150317;716.8;1;2038472614908790265;B
20241108;150317;716.9;4;2038472614908790270;B
20241108;150556;717.6;1;2038472614908790275;B
20241108;150601;718.3;2;2038472614908790280;B
20241108;150602;718.3;2;2038472614908790281;B
20241108;150602;718.4;1;2038472614908790282;B
20241108;150602;718.5;3;2038472614908790287;B
20241108;150611;717.7;2;2038472614908790292;S
20241108;150611;717.6;4;2038472614908790293;S
20241108;150729;716.3;1;2038472614908790294;S
20241108;150824;718.1;1;2038472614908790295;B
20241108;150912;716.3;2;2038472614908790296;S
20241108;150912;716.2;8;2038472614908790297;S
20241108;150920;716.2;1;2038472614908790298;S
20241108;151156;717.6;2;2038472614908790299;B
20241108;151156;717.6;2;2038472614908790300;B
20241108;151253;716.5;2;2038472614908790301;S
20241108;151253;716.4;2;2038472614908790302;S
20241108;151253;716.4;1;2038472614908790303;S
20241108;151253;716.4;1;2038472614908790304;S
20241108;151253;716.4;1;2038472614908790305;S
20241108;151253;716.4;7;2038472614908790306;S
20241108;151253;716.4;1;2038472614908790307;S
20241108;151253;716.4;1;2038472614908790308;S
20241108;151253;716.4;2;2038472614908790309;S
20241108;151253;716.4;1;2038472614908790310;S
20241108;151253;716.4;1;2038472614908790311;S
20241108;151253;716.4;1;2038472614908790312;S
20241108;151253;716.4;4;2038472614908790313;S
20241108;151253;716.4;1;2038472614908790314;S
20241108;151253;716.4;1;2038472614908790315;S
20241108;151253;716.4;1;2038472614908790316;S
20241108;151253;716.4;1;2038472614908790317;S
20241108;151253;716.4;1;2038472614908790318;S
20241108;151253;716.4;1;2038472614908790319;S
20241108;151253;716.4;1;2038472614908790320;S
20241108;151253;716.4;1;2038472614908790321;S
20241108;151253;716.4;1;2038472614908790322;S
20241108;151254;716.4;1;2038472614908790323;S
20241108;151254;716.4;1;2038472614908790324;S
20241108;151254;716.4;1;2038472614908790325;S
20241108;151301;716.4;16;2038472614908790326;S
20241108;151301;716.4;10;2038472614908790327;S
20241108;151301;716.2;9;2038472614908790328;S
20241108;151301;716.2;2;2038472614908790329;S
20241108;151409;715.4;7;2038472614908790330;S
20241108;151409;715.3;1;2038472614908790331;S
20241108;151445;715.9;2;2038472614908790332;B
20241108;151626;715.1;4;2038472614908790333;S
20241108;151628;715;1;2038472614908790334;S
20241108;151628;714.7;1;2038472614908790335;S
20241108;151628;714.7;1;2038472614908790336;S
20241108;151628;714.7;14;2038472614908790337;S
20241108;151631;714.4;1;2038472614908790338;S
20241108;151631;714.2;5;2038472614908790339;S
20241108;151631;714.1;12;2038472614908790340;S
20241108;151631;714;10;2038472614908790341;S
20241108;151631;714;10;2038472614908790342;S
20241108;151631;714;10;2038472614908790343;S
20241108;151631;714;3;2038472614908790344;S
20241108;151631;714;1;2038472614908790345;S
20241108;151631;714;70;2038472614908790346;S
20241108;151631;713.8;2;2038472614908790347;S
20241108;151818;713.9;1;2038472614908790352;S
20241108;151832;714;1;2038472614908790354;B
20241108;151849;714;1;2038472614908790357;S
20241108;151855;714;2;2038472614908790361;S
20241108;151855;713.5;5;2038472614908790362;S
20241108;151909;713.5;1;2038472614908790363;S
20241108;151919;713.5;1;2038472614908790364;S
20241108;151933;713.5;2;2038472614908790365;S
20241108;151944;713.5;1;2038472614908790366;S
20241108;151955;713.5;1;2038472614908790367;S
20241108;152041;713.5;1;2038472614908790368;S
20241108;152041;713.5;2;2038472614908790369;S
20241108;152051;713.5;2;2038472614908790370;B
20241108;152051;713.5;1;2038472614908790371;B
20241108;152105;713.5;1;2038472614908790372;B
20241108;152105;713.6;1;2038472614908790373;B
20241108;152105;713.2;1;2038472614908790374;S
20241108;152105;713.2;3;2038472614908790375;S
20241108;152105;713.2;2;2038472614908790376;S
20241108;152105;713.1;1;2038472614908790377;S
20241108;152105;713.1;7;2038472614908790378;S
20241108;152152;713.2;1;2038472614908790379;S
20241108;152154;713.2;2;2038472614908790380;S
20241108;152212;713.2;2;2038472614908790381;S
20241108;152212;713.1;7;2038472614908790382;S
20241108;152247;713.7;1;2038472614908790383;B
20241108;152247;713.8;1;2038472614908790384;B
20241108;152450;713.8;1;2038472614908790385;S
20241108;152450;713.6;1;2038472614908790386;S
20241108;152450;713;8;2038472614908790387;S
20241108;152453;713.8;1;2038472614908790388;B
20241108;152453;713.8;1;2038472614908790389;B
20241108;152503;713;2;2038472614908790390;S
20241108;152503;713;4;2038472614908790391;S
20241108;152503;713;1;2038472614908790392;S
20241108;152503;713;1;2038472614908790393;B
20241108;152529;713.1;2;2038472614908790394;B
20241108;152529;713.1;3;2038472614908790395;B
20241108;152535;712.6;10;2038472614908790396;S
20241108;152546;713.1;1;2038472614908790397;B
20241108;152546;713.2;7;2038472614908790398;B
20241108;152546;713.6;2;2038472614908790399;B
20241108;152546;713.6;1;2038472614908790400;B
20241108;152602;714.4;1;2038472614908790401;B
20241108;152608;714.4;1;2038472614908790402;B
20241108;152629;714.5;7;2038472614908790403;B
20241108;152629;714.5;3;2038472614908790404;B
20241108;152721;714.5;7;2038472614908790405;B
20241108;152721;714.5;3;2038472614908790406;B
20241108;152756;714.5;6;2038472614908790407;B
20241108;152857;714.5;21;2038472614908790408;B
20241108;152859;715.8;2;2038472614908790409;B
20241108;153200;715.7;2;2038472614908790410;B
20241108;153703;715.8;1;2038472614908790411;B
20241108;153703;716;8;2038472614908790412;B
20241108;153703;716.9;3;2038472614908790413;B
20241108;153703;717.1;1;2038472614908790414;B
20241108;154010;715.9;2;2038472614908790419;S
20241108;154010;715.9;2;2038472614908790420;S
20241108;154010;715.8;2;2038472614908790421;S
20241108;154010;715.2;5;2038472614908790422;S
20241108;154010;715;25;2038472614908790423;S
20241108;154010;715;48;2038472614908790424;S
20241108;154030;714.9;6;2038472614908790425;S
20241108;154030;714.7;37;2038472614908790426;S
20241108;154030;714.5;1;2038472614908790427;S
20241108;154030;714.3;5;2038472614908790428;S
20241108;154030;713.6;1;2038472614908790429;S
20241108;154030;713.6;3;2038472614908790430;S
20241108;154030;713.5;197;2038472614908790431;S
20241108;154211;716.5;1;2038472614908790432;B
20241108;154258;715.9;1;2038472614908790433;B
20241108;154258;715.9;2;2038472614908790434;B
20241108;154258;716;3;2038472614908790435;B
20241108;154258;716.1;12;2038472614908790436;B
20241108;154855;716.1;1;2038472614908790437;B
20241108;154906;714.7;2;2038472614908790438;S
20241108;154906;714.7;2;2038472614908790439;S
20241108;154907;714.6;1;2038472614908790440;S
20241108;154908;714.6;2;2038472614908790441;S
20241108;154958;713.1;1;2038472614908790442;S
20241108;155046;713.1;8;2038472614908790443;S
20241108;155046;713;1;2038472614908790444;S
20241108;155250;713.1;1;2038472614908790445;B
20241108;155417;713.1;1;2038472614908790446;B
20241108;155417;713.2;1;2038472614908790447;B
20241108;155417;713.6;2;2038472614908790448;B
20241108;155447;714.6;1;2038472614908790449;B
20241108;155505;714.6;6;2038472614908790450;B
20241108;155520;713.8;2;2038472614908790451;S
20241108;155531;713.7;1;2038472614908790452;S
20241108;155920;713.8;1;2038472614908790453;B
20241108;160120;712.7;2;2038472614908790454;S
20241108;160120;712.6;18;2038472614908790455;S
20241108;160120;712.6;2;2038472614908790456;S
20241108;160120;712.5;8;2038472614908790457;S
20241108;160203;712.5;12;2038472614908790458;S
20241108;160203;712.5;20;2038472614908790459;S
20241108;160252;712.2;7;2038472614908790460;S
20241108;160252;712;10;2038472614908790461;S
20241108;160252;712;2;2038472614908790462;S
20241108;160301;711.8;5;2038472614908790463;S
20241108;160301;711.8;1;2038472614908790464;S
20241108;160301;711.8;5;2038472614908790465;S
20241108;160301;711.1;64;2038472614908790466;S
20241108;160319;711;2;2038472614908790467;S
20241108;160319;711;6;2038472614908790468;S
20241108;160325;711.1;6;2038472614908790469;B
20241108;160355;711;14;2038472614908790470;S
20241108;160355;711;7;2038472614908790471;S
20241108;160355;711;15;2038472614908790472;S
20241108;160355;711;1;2038472614908790473;S
20241108;160355;711;3;2038472614908790474;S
20241108;160355;710.8;50;2038472614908790475;S
20241108;160355;710.7;1;2038472614908790476;S
20241108;160411;710.5;20;2038472614908790477;S
20241108;160411;710.5;1;2038472614908790478;S
20241108;160411;710.5;20;2038472614908790479;S
20241108;160411;710.5;3;2038472614908790480;S
20241108;160411;710.5;6;2038472614908790481;S
20241108;160411;710.5;2;2038472614908790482;S
20241108;160411;710.4;1;2038472614908790483;S
20241108;160411;710.3;1;2038472614908790484;S
20241108;160414;710.3;2;2038472614908790485;B
20241108;160420;710.2;5;2038472614908790486;S
20241108;160420;710.2;13;2038472614908790487;S
20241108;160420;710.2;4;2038472614908790488;S
20241108;160420;710.2;2;2038472614908790489;S
20241108;160420;710.2;1;2038472614908790490;S
20241108;160420;710.1;1;2038472614908790491;S
20241108;160420;710.1;4;2038472614908790492;S
20241108;160420;710.1;18;2038472614908790493;S
20241108;160427;710.3;10;2038472614908790494;B
20241108;160459;712.1;1;2038472614908790495;B
20241108;160518;710.7;1;2038472614908790496;S
20241108;160518;710.6;1;2038472614908790497;S
20241108;160518;710.5;1;2038472614908790498;S
20241108;160518;710.4;4;2038472614908790499;S
20241108;160551;712.5;1;2038472614908790500;B
20241108;160614;710.8;1;2038472614908790501;S
20241108;160719;710.8;4;2038472614908790502;S
20241108;160727;710.5;1;2038472614908790503;S
20241108;160736;710.3;1;2038472614908790504;S
20241108;160823;710.5;12;2038472614908790505;S
20241108;160922;710.3;1;2038472614908790506;S
20241108;160922;710.3;3;2038472614908790507;S
20241108;160922;710.3;2;2038472614908790508;S
20241108;160932;710.1;2;2038472614908790509;S
20241108;160932;710.1;5;2038472614908790510;S
20241108;160932;710.1;3;2038472614908790511;S
20241108;160932;710;1;2038472614908790512;S
20241108;160932;710;4;2038472614908790513;S
20241108;160932;710;10;2038472614908790514;S
20241108;160932;710;30;2038472614908790515;S
20241108;160932;710;1;2038472614908790516;S
20241108;160932;710;10;2038472614908790517;S
20241108;160932;709.9;10;2038472614908790518;S
20241108;160932;709.9;3;2038472614908790519;S
20241108;160948;709.9;3;2038472614908790520;B
20241108;161010;710;4;2038472614908790521;S
20241108;161130;711.9;2;2038472614908790522;S
20241108;161308;711.9;1;2038472614908790523;B
20241108;161344;712.1;1;2038472614908790524;B
20241108;161445;712.1;1;2038472614908790525;B
20241108;161505;711.9;1;2038472614908790526;B
20241108;161505;712;5;2038472614908790527;B
20241108;161528;711.5;1;2038472614908790528;B
20241108;161733;711.6;1;2038472614908790530;B
20241108;161733;711.6;1;2038472614908790535;B
20241108;161827;710.6;1;2038472614908790539;B
20241108;161837;710.6;2;2038472614908790540;B
20241108;161848;710.6;2;2038472614908790541;B
20241108;161909;710.6;2;2038472614908790542;B
20241108;161914;710.5;1;2038472614908790543;S
20241108;161922;710.6;2;2038472614908790544;B
20241108;161949;710.5;1;2038472614908790545;S
20241108;161949;710.4;1;2038472614908790546;S
20241108;161949;710.3;1;2038472614908790547;S
20241108;161949;710.2;1;2038472614908790548;S
20241108;161949;710.2;2;2038472614908790549;S
20241108;161949;710.1;1;2038472614908790550;S
20241108;161949;710.1;1;2038472614908790551;S
20241108;161949;710.1;2;2038472614908790552;B
20241108;162013;710;2;2038472614908790554;S
20241108;162018;710.5;4;2038472614908790555;B
20241108;162037;711.4;2;2038472614908790556;B
20241108;162037;711.5;3;2038472614908790557;B
20241108;162133;712.2;1;2038472614908790558;B
20241108;162208;712.2;1;2038472614908790559;B
20241108;162317;711;1;2038472614908790560;S
20241108;162326;711.2;1;2038472614908790561;S
20241108;162344;711.3;1;2038472614908790562;S
20241108;162424;711.1;1;2038472614908790563;S
20241108;162431;711.8;1;2038472614908790564;B
20241108;162431;711.9;1;2038472614908790565;B
20241108;162537;711.9;1;2038472614908790566;B
20241108;162627;712.1;1;2038472614908790567;B
20241108;162754;712.1;1;2038472614908790568;B
20241108;162754;712.1;9;2038472614908790569;B
20241108;162821;711.2;2;2038472614908790570;S
20241108;162821;711.1;46;2038472614908790571;S
20241108;162821;711.1;2;2038472614908790572;S
20241108;162821;710.9;1;2038472614908790573;S
20241108;162830;711.5;1;2038472614908790574;B
20241108;163136;712;1;2038472614908790575;B
20241108;163136;712;2;2038472614908790576;B
20241108;163326;712.1;4;2038472614908790577;B
20241108;163413;712.1;1;2038472614908790578;B
20241108;163615;711.9;10;2038472614908790579;B
20241108;163615;712.1;8;2038472614908790580;B
20241108;163623;712.2;12;2038472614908790581;B
20241108;163636;712.2;4;2038472614908790582;B
20241108;163636;712.7;1;2038472614908790583;B
20241108;163700;712;1;2038472614908790588;S
20241108;163726;713.7;1;2038472614908790589;B
20241108;163854;713.8;3;2038472614908790590;B
20241108;164049;714.1;1;2038472614908790591;B
20241108;164125;714.1;29;2038472614908790592;B
20241108;164144;714.6;1;2038472614908790593;B
20241108;164149;714.6;1;2038472614908790594;B
20241108;164151;714.6;21;2038472614908790595;B
20241108;164230;712.4;2;2038472614908790596;S
20241108;164230;712.4;2;2038472614908790597;S
20241108;164230;712.3;4;2038472614908790598;S
20241108;164230;711.9;2;2038472614908790599;S
20241108;164238;713.6;1;2038472614908790600;B
20241108;164248;713.2;1;2038472614908790601;B
20241108;164248;713.2;2;2038472614908790602;B
20241108;164349;711.7;2;2038472614908790603;S
20241108;164349;711.7;2;2038472614908790604;S
20241108;164349;711.6;1;2038472614908790605;S
20241108;164349;711.5;4;2038472614908790606;S
20241108;164559;712.6;1;2038472614908790607;B
20241108;164811;712.9;1;2038472614908790608;B
20241108;164811;712.9;2;2038472614908790609;B
20241108;165038;713;1;2038472614908790610;B
20241108;165132;711.8;1;2038472614908790611;S
20241108;165139;712.9;1;2038472614908790612;B
20241108;165139;713;1;2038472614908790613;B
20241108;165238;713.2;1;2038472614908790614;B
20241108;165342;713.4;1;2038472614908790615;B
20241108;165406;713.2;5;2038472614908790616;S
20241108;165408;713.5;1;2038472614908790617;B
20241108;165413;714.2;1;2038472614908790622;B
20241108;165413;714.2;2;2038472614908790623;B
20241108;165413;714.6;1;2038472614908790624;B
20241108;165413;714.7;1;2038472614908790625;B
20241108;165413;714.7;3;2038472614908790626;B
20241108;165413;714.8;1;2038472614908790631;B
20241108;165413;714.8;5;2038472614908790632;B
20241108;165413;714.9;1;2038472614908790637;B
20241108;165413;715;1;2038472614908790638;B
20241108;165413;715;6;2038472614908790639;B
20241108;165413;715.1;1;2038472614908790640;B
20241108;165413;715.2;1;2038472614908790641;B
20241108;165413;715.2;4;2038472614908790642;B
20241108;165413;715.2;2;2038472614908790643;B
20241108;165413;715.2;2;2038472614908790644;B
20241108;165413;715.3;1;2038472614908790645;B
20241108;165413;715.4;1;2038472614908790646;B
20241108;165413;715.5;1;2038472614908790647;B
20241108;165413;715.6;1;2038472614908790648;B
20241108;165413;715.6;1;2038472614908790649;B
20241108;165413;715.7;1;2038472614908790654;B
20241108;165413;715.8;1;2038472614908790655;B
20241108;165413;715.9;1;2038472614908790656;B
20241108;165413;716;1;2038472614908790657;B
20241108;165413;716;2;2038472614908790658;B
20241108;165413;716;1;2038472614908790659;B
20241108;165413;716.1;1;2038472614908790660;B
20241108;165413;716.2;1;2038472614908790661;B
20241108;165413;716.2;1;2038472614908790662;B
20241108;165413;716.3;1;2038472614908790663;B
20241108;165413;716.4;1;2038472614908790664;B
20241108;165413;716.4;5;2038472614908790665;B
20241108;165413;716.5;1;2038472614908790666;B
20241108;165413;716.5;5;2038472614908790667;B
20241108;165413;716.6;1;2038472614908790668;B
20241108;165413;716.7;1;2038472614908790669;B
20241108;165413;716.7;2;2038472614908790670;B
20241108;165413;716.8;1;2038472614908790671;B
20241108;165413;716.9;1;2038472614908790672;B
20241108;165413;717;1;2038472614908790673;B
20241108;165413;717.1;1;2038472614908790674;B
20241108;165413;717.2;1;2038472614908790675;B
20241108;165413;717.2;112;2038472614908790676;B
20241108;165421;713.4;1;2038472614908790677;S
20241108;165447;713.7;1;2038472614908790678;S
20241108;165447;713.7;2;2038472614908790679;S
20241108;165447;713.6;1;2038472614908790680;S
20241108;165447;713.5;6;2038472614908790681;S
20241108;165812;715.1;2;2038472614908790682;B
20241108;165858;715;1;2038472614908790683;B
20241108;165912;715;2;2038472614908790684;B
20241108;165912;715;1;2038472614908790685;B
20241108;165926;715;1;2038472614908790687;S
20241108;165926;715;1;2038472614908790692;S
20241108;170000;715;5;2038472614908790696;S
20241108;170021;714.9;1;2038472614908790697;B
20241108;170215;714.8;1;2038472614908790698;B
20241108;170240;714.9;1;2038472614908790699;B
20241108;170246;715;1;2038472614908790700;B
20241108;170256;715.1;1;2038472614908790701;B
20241108;170256;715.2;1;2038472614908790702;B
20241108;170256;715.3;1;2038472614908790703;B
20241108;170256;715.4;1;2038472614908790704;B
20241108;170256;715.5;1;2038472614908790705;B
20241108;170328;715.6;1;2038472614908790706;B
20241108;170328;715.7;1;2038472614908790707;B
20241108;170328;715.8;1;2038472614908790708;B
20241108;170328;715.8;2;2038472614908790709;B
20241108;170554;716.2;1;2038472614908790710;B
20241108;170652;716;2;2038472614908790711;B
20241108;170702;716;3;2038472614908790712;S
20241108;170749;715.1;2;2038472614908790713;S
20241108;170749;715.1;2;2038472614908790714;S
20241108;170840;715.3;2;2038472614908790715;B
20241108;170840;715.3;2;2038472614908790716;B
20241108;170840;715.4;6;2038472614908790717;B
20241108;171042;714.7;2;2038472614908790718;S
20241108;171155;714.5;5;2038472614908790719;S
20241108;171200;714.5;4;2038472614908790720;S
20241108;171359;714.3;1;2038472614908790721;B
20241108;171423;713.6;2;2038472614908790722;S
20241108;171423;713.5;1;2038472614908790723;S
20241108;172450;714.4;2;2038472614908790724;B
20241108;172450;714.4;2;2038472614908790725;B
20241108;172450;714.5;5;2038472614908790726;B
20241108;173043;715;2;2038472614908790727;B
20241108;173107;714.6;2;2038472614908790728;S
20241108;173113;714.5;2;2038472614908790729;S
20241108;173310;714.6;1;2038472614908790730;B
20241108;173310;714.6;2;2038472614908790731;B
20241108;173446;714;2;2038472614908790732;S
20241108;173446;713.9;2;2038472614908790733;S
20241108;173448;714.7;1;2038472614908790734;B
20241108;173448;714.7;2;2038472614908790735;B
20241108;173448;715;1;2038472614908790736;B
20241108;173521;715;3;2038472614908790737;B
20241108;173526;715.4;1;2038472614908790738;S
20241108;173526;715.6;18;2038472614908790739;B
20241108;173621;716.2;4;2038472614908790740;B
20241108;173621;716.2;7;2038472614908790741;B
20241108;173621;716.3;1;2038472614908790742;B
20241108;173621;716.3;4;2038472614908790743;B
20241108;173658;717;1;2038472614908790744;B
20241108;173658;716.6;1;2038472614908790745;S
20241108;173734;716.7;1;2038472614908790746;B
20241108;173758;715.9;1;2038472614908790747;S
20241108;173846;715.9;1;2038472614908790748;S
20241108;174003;715.9;1;2038472614908790749;B
20241108;174026;716.6;2;2038472614908790750;B
20241108;174026;716.8;2;2038472614908790751;B
20241108;174026;716.9;10;2038472614908790752;B
20241108;174220;716.8;22;2038472614908790753;B
20241108;174220;716.9;40;2038472614908790754;B
20241108;174220;716.9;1;2038472614908790755;B
20241108;174220;717;7;2038472614908790756;B
20241108;174521;714.6;2;2038472614908790757;S
20241108;174521;714.6;2;2038472614908790758;S
20241108;174521;714.5;15;2038472614908790759;S
20241108;174533;714.3;5;2038472614908790760;B
20241108;174533;714.5;65;2038472614908790761;B
20241108;174536;713.9;2;2038472614908790762;S
20241108;174543;713.6;2;2038472614908790763;S
20241108;174543;713.5;1;2038472614908790764;S
20241108;174608;712.5;10;2038472614908790765;S
20241108;174608;712.2;1;2038472614908790766;S
20241108;174610;712.2;1;2038472614908790767;S
20241108;174610;712;5;2038472614908790768;S
20241108;174657;711.5;1;2038472614908790770;S
20241108;174700;712;1;2038472614908790771;S
20241108;175006;711;1;2038472614908790772;S
20241108;175006;711;5;2038472614908790773;S
20241108;175006;710.8;6;2038472614908790774;S
20241108;175006;710.8;2;2038472614908790775;S
20241108;175010;710.9;1;2038472614908790776;B
20241108;175040;710.9;1;2038472614908790777;B
20241108;175042;710.8;16;2038472614908790778;S
20241108;175043;710.1;1;2038472614908790780;S
20241108;175043;710.1;1;2038472614908790781;S
20241108;175043;710.1;5;2038472614908790782;S
20241108;175043;710.1;2;2038472614908790783;S
20241108;175043;710;1;2038472614908790784;S
20241108;175043;710;1;2038472614908790785;S
20241108;175043;710;4;2038472614908790786;S
20241108;175043;709.9;8;2038472614908790787;S
20241108;175044;709.9;1;2038472614908790788;B
20241108;175136;709.9;1;2038472614908790789;B
20241108;175151;709.9;14;2038472614908790790;B
20241108;175151;709.9;6;2038472614908790791;B
20241108;175159;709.9;1;2038472614908790792;B
20241108;175211;709.9;10;2038472614908790793;B
20241108;175219;709.8;1;2038472614908790794;S
20241108;175232;709.9;8;2038472614908790795;B
20241108;175242;709.9;1;2038472614908790796;B
20241108;175242;709.9;2;2038472614908790797;S
20241108;175312;710.5;1;2038472614908790798;B
20241108;175336;710;1;2038472614908790799;S
20241108;175336;709.9;3;2038472614908790800;S
20241108;175336;709.9;1;2038472614908790801;S
20241108;175338;709.8;2;2038472614908790802;S
20241108;175338;709.7;1;2038472614908790803;S
20241108;175357;710;11;2038472614908790804;S
20241108;175357;710;25;2038472614908790805;S
20241108;175357;709.6;1;2038472614908790806;S
20241108;175357;709.5;5;2038472614908790807;S
20241108;175357;709.5;2;2038472614908790808;S
20241108;175357;709.4;1;2038472614908790809;S
20241108;175357;709.3;1;2038472614908790810;S
20241108;175419;709.4;1;2038472614908790811;S
20241108;175519;709.3;1;2038472614908790812;S
20241108;175520;709.3;1;2038472614908790813;S
20241108;175524;709.3;1;2038472614908790814;S
20241108;175546;709.3;2;2038472614908790815;B
20241108;175556;709.3;1;2038472614908790816;B
20241108;175620;709.1;1;2038472614908790817;S
20241108;175648;709.2;1;2038472614908790818;B
20241108;175705;709.3;1;2038472614908790819;B
20241108;175710;709.3;2;2038472614908790820;B
20241108;175710;709.4;15;2038472614908790821;B
20241108;175717;711;1;2038472614908790822;B
20241108;175717;711;1;2038472614908790823;B
20241108;175717;711.1;1;2038472614908790824;B
20241108;175722;709.8;1;2038472614908790825;B
20241108;175817;711.4;7;2038472614908790826;B
20241108;175851;710;1;2038472614908790827;B
20241108;175904;710.1;2;2038472614908790828;S
20241108;175904;710.1;2;2038472614908790829;S
20241108;175904;710;2;2038472614908790830;S
20241108;175914;709.8;1;2038472614908790831;S
20241108;175914;709.8;1;2038472614908790832;S
20241108;175915;709.3;10;2038472614908790833;S
20241108;175915;709.1;1;2038472614908790834;S
20241108;175915;709.1;5;2038472614908790835;S
20241108;175915;709.1;1;2038472614908790836;S
20241108;175915;709;1;2038472614908790837;S
20241108;175915;709;1;2038472614908790838;S
20241108;175915;709;1;2038472614908790839;S
20241108;175915;708.9;1;2038472614908790840;S
20241108;175915;708.8;1;2038472614908790841;S
20241108;175915;708.8;1;2038472614908790842;S
20241108;175915;708.7;1;2038472614908790843;S
20241108;175915;708.6;1;2038472614908790844;S
20241108;175915;708.6;3;2038472614908790845;S
20241108;175915;708.5;20;2038472614908790846;S
20241108;175915;708.3;2;2038472614908790847;S
20241108;175915;708.3;1;2038472614908790848;S
20241108;175916;708;7;2038472614908790849;S
20241108;175916;708;3;2038472614908790850;S
20241108;175916;708;1;2038472614908790851;S
20241108;175916;708;4;2038472614908790852;S
20241108;175931;708;16;2038472614908790853;S
20241108;175931;707.5;200;2038472614908790854;S
20241108;180014;707;1;2038472614908790855;S
20241108;180014;706.8;5;2038472614908790856;S
20241108;180014;706.6;1;2038472614908790857;S
20241108;180015;706.6;4;2038472614908790858;S
20241108;180015;706.6;2;2038472614908790859;S
20241108;180015;706;1;2038472614908790860;S
20241108;180015;706;2;2038472614908790861;S
20241108;180015;705.5;1;2038472614908790862;S
20241108;180015;705.1;1;2038472614908790863;S
20241108;180015;705.1;9;2038472614908790864;S
20241108;180015;705;3;2038472614908790869;S
20241108;180015;705;2;2038472614908790870;S
20241108;180015;705;4;2038472614908790871;S
20241108;180015;707;1;2038472614908790872;B
20241108;180016;706.9;1;2038472614908790873;B
20241108;180020;706;1;2038472614908790874;S
20241108;180030;706.1;1;2038472614908790875;B
20241108;180034;706;2;2038472614908790876;S
20241108;180034;705.9;1;2038472614908790877;S
20241108;180047;705.9;1;2038472614908790878;B
20241108;180047;705.2;1;2038472614908790879;S
20241108;180047;705;2;2038472614908790884;S
20241108;180154;705.1;1;2038472614908790885;B
20241108;180204;706.5;2;2038472614908790886;B
20241108;180204;706.5;2;2038472614908790887;B
20241108;180204;706.6;1;2038472614908790888;B
20241108;180247;705.2;1;2038472614908790889;B
20241108;180325;705.2;1;2038472614908790890;B
20241108;180350;706.5;1;2038472614908790891;B
20241108;180430;705.4;1;2038472614908790892;B
20241108;180518;705.7;1;2038472614908790893;B
20241108;180532;705.6;1;2038472614908790894;B
20241108;180532;705.6;2;2038472614908790895;B
20241108;180532;705.6;1;2038472614908790896;B
20241108;180532;705.8;1;2038472614908790897;B
20241108;180553;705.8;1;2038472614908790898;B
20241108;180644;705.8;1;2038472614908790899;B
20241108;180648;705.8;1;2038472614908790900;B
20241108;180654;705.5;1;2038472614908790901;S
20241108;180736;705.8;1;2038472614908790904;B
20241108;180736;705.9;7;2038472614908790909;B
20241108;180739;705.5;1;2038472614908790913;S
20241108;180746;705.5;6;2038472614908790914;B
20241108;180804;705.4;5;2038472614908790915;S
20241108;180804;705.2;1;2038472614908790916;S
20241108;180804;705.2;2;2038472614908790917;S
20241108;180804;705.1;1;2038472614908790918;S
20241108;180804;705;200;2038472614908790919;S
20241108;180804;705;10;2038472614908790920;S
20241108;180804;705;1;2038472614908790921;S
20241108;180804;705;1;2038472614908790922;S
20241108;180804;705;3;2038472614908790923;S
20241108;180804;705;2;2038472614908790924;S
20241108;180804;705;1;2038472614908790925;S
20241108;180828;704.9;1;2038472614908790926;S
20241108;180838;704.6;2;2038472614908790927;S
20241108;180838;704.5;1;2038472614908790928;S
20241108;180839;704.4;30;2038472614908790929;S
20241108;180839;704.4;1;2038472614908790930;S
20241108;180852;704;1;2038472614908790931;S
20241108;180852;704;10;2038472614908790932;S
20241108;180852;703.8;1;2038472614908790933;S
20241108;180852;703.7;1;2038472614908790934;S
20241108;180852;703.6;6;2038472614908790935;S
20241108;180852;703.6;1;2038472614908790936;S
20241108;180852;703.5;5;2038472614908790937;S
20241108;180852;703.5;1;2038472614908790938;S
20241108;180852;703.3;10;2038472614908790939;S
20241108;180853;703.2;3;2038472614908790940;S
20241108;180902;703.2;1;2038472614908790941;S
20241108;180904;703.3;2;2038472614908790942;B
20241108;180929;703.2;2;2038472614908790943;S
20241108;180929;703;1;2038472614908790944;S
20241108;180929;703;20;2038472614908790945;S
20241108;180929;703;1;2038472614908790946;S
20241108;180929;703;10;2038472614908790947;S
20241108;180929;703;1;2038472614908790948;S
20241108;180929;703;1;2038472614908790949;S
20241108;180929;703;1;2038472614908790950;S
20241108;180934;702.9;5;2038472614908790951;B
20241108;180949;702.8;30;2038472614908790952;S
20241108;180949;702.8;2;2038472614908790953;S
20241108;180949;702.8;3;2038472614908790954;S
20241108;181043;702.4;2;2038472614908790955;S
20241108;181043;702.1;5;2038472614908790956;S
20241108;181133;702.5;9;2038472614908790957;S
20241108;181133;702.4;4;2038472614908790958;S
20241108;181133;702.1;2;2038472614908790959;S
20241108;181139;703.2;2;2038472614908790960;B
20241108;181139;703.2;1;2038472614908790961;B
20241108;181203;702.3;1;2038472614908790962;B
20241108;181204;702.3;28;2038472614908790963;B
20241108;181233;703;46;2038472614908790964;B
20241108;181233;703;1;2038472614908790965;B
20241108;181233;703.2;78;2038472614908790966;B
20241108;181236;702.3;2;2038472614908790967;S
20241108;181236;702.2;5;2038472614908790968;S
20241108;181236;702.1;9;2038472614908790969;S
20241108;181236;702;29;2038472614908790970;S
20241108;181236;702;2;2038472614908790971;S
20241108;181236;702;1;2038472614908790972;S
20241108;181236;702;2;2038472614908790973;S
20241108;181306;703;2;2038472614908790974;B
20241108;181327;703;2;2038472614908790975;B
20241108;181356;703.1;10;2038472614908790976;B
20241108;181402;703;8;2038472614908790977;S
20241108;181402;702.2;2;2038472614908790978;S
20241108;181402;702;46;2038472614908790979;S
20241108;181402;702;2;2038472614908790980;S
20241108;181402;702;2;2038472614908790981;S
20241108;181402;701.9;5;2038472614908790982;S
20241108;181402;701.8;5;2038472614908790983;S
20241108;181402;701.1;1;2038472614908790984;S
20241108;181402;701;1;2038472614908790985;S
20241108;181402;701;2;2038472614908790986;S
20241108;181402;701;1;2038472614908790987;S
20241108;181402;701;200;2038472614908790988;S
20241108;181402;701;2;2038472614908790989;S
20241108;181402;701;1;2038472614908790990;S
20241108;181402;701;1;2038472614908790991;S
20241108;181404;701.1;1;2038472614908790992;B
20241108;181421;701;3;2038472614908790993;S
20241108;181424;700.4;1;2038472614908790994;S
20241108;181425;700.1;1;2038472614908790995;S
20241108;181425;700.1;1;2038472614908790996;S
20241108;181425;700;1;2038472614908790997;S
20241108;181425;700;4;2038472614908790998;S
20241108;181425;700;1;2038472614908790999;S
20241108;181425;700;2;2038472614908791000;S
20241108;181425;700;1;2038472614908791001;S
20241108;181425;700;4;2038472614908791002;S
20241108;181425;700;3;2038472614908791003;S
20241108;181428;699.8;1;2038472614908791004;B
20241108;181525;700;2;2038472614908791005;B
20241108;181525;700;2;2038472614908791006;B
20241108;181542;701;1;2038472614908791007;B
20241108;181545;701;1;2038472614908791008;B
20241108;181554;701.1;3;2038472614908791009;B
20241108;181554;701.7;7;2038472614908791010;B
20241108;181557;701;1;2038472614908791011;S
20241108;181621;700.9;15;2038472614908791012;B
20241108;181641;702.2;1;2038472614908791013;B
20241108;181747;702.2;1;2038472614908791014;S
20241108;181747;701.5;2;2038472614908791015;S
20241108;181758;701.1;1;2038472614908791016;S
20241108;181817;701.3;2;2038472614908791017;B
20241108;181819;701.1;1;2038472614908791018;S
20241108;181819;701;4;2038472614908791019;S
20241108;181839;700.2;2;2038472614908791020;B
20241108;181842;700.1;30;2038472614908791021;S
20241108;181842;700;13;2038472614908791022;S
20241108;181842;700;10;2038472614908791023;S
20241108;181842;700;1;2038472614908791024;S
20241108;181842;699.9;9;2038472614908791025;S
20241108;181842;699.8;5;2038472614908791026;S
20241108;181842;699.8;1;2038472614908791027;S
20241108;181843;699.3;5;2038472614908791028;S
20241108;181843;699.3;2;2038472614908791029;S
20241108;181843;699.1;1;2038472614908791030;S
20241108;181855;699.3;10;2038472614908791031;B
20241108;181858;699.3;1;2038472614908791033;B
20241108;181905;699.1;3;2038472614908791037;S
20241108;181905;699;2;2038472614908791038;S
20241108;181905;699;2;2038472614908791039;S
20241108;181906;698.7;10;2038472614908791040;B
20241108;182046;699.6;2;2038472614908791041;B
20241108;182046;699.6;2;2038472614908791042;B
20241108;182103;700.7;1;2038472614908791043;B
20241108;182103;701.1;2;2038472614908791044;B
20241108;182103;701.1;2;2038472614908791045;B
20241108;182103;702.3;44;2038472614908791046;B
20241108;182104;702.5;6;2038472614908791047;B
20241108;182120;701.1;2;2038472614908791048;B
20241108;182120;701.5;2;2038472614908791049;B
20241108;182120;701.7;1;2038472614908791050;B
20241108;182216;702.9;4;2038472614908791055;B
20241108;182216;703;11;2038472614908791056;B
20241108;182216;703.1;5;2038472614908791057;B
20241108;182233;703.1;7;2038472614908791058;B
20241108;182233;703.5;2;2038472614908791059;B
20241108;182424;703.2;2;2038472614908791060;S
20241108;182424;703.1;2;2038472614908791061;S
20241108;182424;703.1;19;2038472614908791062;S
20241108;182424;703;5;2038472614908791063;S
20241108;182425;701.8;4;2038472614908791064;S
20241108;182425;701.7;1;2038472614908791065;S
20241108;182447;701.7;5;2038472614908791070;B
20241108;182456;701;2;2038472614908791071;S
20241108;182457;700.8;1;2038472614908791072;B
20241108;182538;701.7;2;2038472614908791073;B
20241108;182556;701.7;1;2038472614908791074;B
20241108;182559;701.7;1;2038472614908791075;S
20241108;182609;701.3;10;2038472614908791076;B
20241108;182623;701.3;1;2038472614908791078;B
20241108;182657;701.3;6;2038472614908791082;B
20241108;182657;701.4;1;2038472614908791083;S
20241108;182657;701.3;3;2038472614908791084;S
20241108;182657;701.3;3;2038472614908791085;S
20241108;182657;701.3;1;2038472614908791086;S
20241108;182713;701.3;100;2038472614908791087;B
20241108;182720;701.2;50;2038472614908791088;S
20241108;182720;701.1;2;2038472614908791089;S
20241108;182720;701;1;2038472614908791090;S
20241108;182720;701;100;2038472614908791091;S
20241108;182720;701;1;2038472614908791092;S
20241108;182720;700.9;2;2038472614908791093;S
20241108;182912;701.2;2;2038472614908791094;S
20241108;182933;701.7;1;2038472614908791095;B
20241108;183006;701.5;1;2038472614908791096;B
20241108;183006;701.5;1;2038472614908791097;B
20241108;183006;702.1;1;2038472614908791098;B
20241108;183029;703.1;1;2038472614908791099;B
20241108;183047;704.1;50;2038472614908791104;B
20241108;183117;703.9;2;2038472614908791105;B
20241108;183132;703.9;1;2038472614908791106;B
20241108;183132;703.9;1;2038472614908791107;B
20241108;183238;702.7;1;2038472614908791108;B
20241108;183241;702.7;1;2038472614908791109;B
20241108;183430;703.7;1;2038472614908791110;B
20241108;183430;703.7;1;2038472614908791111;B
20241108;183454;703.7;1;2038472614908791112;B
20241108;183519;703.7;1;2038472614908791113;B
20241108;183525;703.7;1;2038472614908791114;B
20241108;183705;703.2;2;2038472614908791115;B
20241108;183827;702.7;1;2038472614908791116;S
20241108;183828;702.6;2;2038472614908791117;S
20241108;183831;702.3;2;2038472614908791118;B
20241108;183905;701.9;1;2038472614908791119;S
20241108;183905;701.8;1;2038472614908791120;S
20241108;184048;701.5;9;2038472614908791121;S
20241108;184048;701.3;5;2038472614908791122;S
20241108;184103;701.2;1;2038472614908791123;S
20241108;184110;700.9;5;2038472614908791124;S
20241108;184110;700.8;1;2038472614908791125;S
20241108;184333;702.2;1;2038472614908791126;B
20241108;184333;702.3;32;2038472614908791127;B
20241108;184351;702.3;1;2038472614908791128;B
20241108;184413;700.9;20;2038472614908791129;S
20241108;184420;700.8;49;2038472614908791130;S
20241108;184420;700.4;1;2038472614908791131;S
20241108;184420;700.4;1;2038472614908791136;S
20241108;184420;700.3;150;2038472614908791137;S
20241108;184420;700.3;20;2038472614908791138;S
20241108;184435;700;2;2038472614908791139;S
20241108;184438;699.8;7;2038472614908791140;B
20241108;184442;699.8;4;2038472614908791142;B
20241108;184445;699.6;2;2038472614908791146;S
20241108;184445;699.6;2;2038472614908791147;S
20241108;184445;699.3;15;2038472614908791148;S
20241108;184445;699.3;1;2038472614908791149;S
20241108;184447;699.1;2;2038472614908791154;B
20241108;184447;699.1;3;2038472614908791155;S
20241108;184447;699.1;2;2038472614908791156;B
20241108;184512;699.1;5;2038472614908791158;B
20241108;184553;699;3;2038472614908791162;S
20241108;184710;700.1;3;2038472614908791163;B
20241108;184710;701;2;2038472614908791164;B
20241108;184923;702.6;20;2038472614908791165;B
20241108;184935;703.3;1;2038472614908791166;B
20241108;190518;700.5;3;2038472619203756033;S
20241108;190518;700.5;3;2038472619203756034;S
20241108;190518;700.3;24;2038472619203756035;S
20241108;190530;700.5;2;2038472619203756036;S
20241108;190530;700.4;4;2038472619203756037;S
20241108;190530;700.4;1;2038472619203756038;S
20241108;190530;700.3;33;2038472619203756039;S
20241108;190530;700.1;1;2038472619203756040;S
20241108;190530;700;1;2038472619203756041;S
20241108;190536;699;10;2038472619203756042;S
20241108;190536;699;5;2038472619203756043;S
20241108;190536;698.8;2;2038472619203756044;S
20241108;190559;698.8;3;2038472619203756045;S
20241108;190559;698.8;50;2038472619203756046;S
20241108;190559;698.8;1;2038472619203756047;S
20241108;190559;698.8;4;2038472619203756048;S
20241108;190602;698.6;1;2038472619203756049;S
20241108;190616;698.4;1;2038472619203756050;S
20241108;190616;698;4;2038472619203756051;S
20241108;190636;698;1;2038472619203756052;S
20241108;190636;698;4;2038472619203756053;S
20241108;190639;699.7;3;2038472619203756054;B
20241108;190653;698;5;2038472619203756055;S
20241108;190716;700.1;2;2038472619203756056;B
20241108;190719;698;1;2038472619203756057;S
20241108;190719;698;4;2038472619203756058;S
20241108;190756;698.3;1;2038472619203756059;S
20241108;190756;698;4;2038472619203756060;S
20241108;190845;701.3;4;2038472619203756064;B
20241108;190845;701.4;1;2038472619203756069;B
20241108;190845;701.5;12;2038472619203756074;B
20241108;190945;698.7;1;2038472619203756079;S
20241108;191008;701.3;1;2038472619203756081;B
20241108;191008;701.4;3;2038472619203756086;B
20241108;191232;701.9;2;2038472619203756090;B
20241108;191235;701.9;1;2038472619203756091;B
20241108;191257;701.9;1;2038472619203756092;B
20241108;191257;702;3;2038472619203756093;B
20241108;191424;702.7;1;2038472619203756094;B
20241108;191437;702.7;1;2038472619203756095;B
20241108;191657;702.7;8;2038472619203756096;B
20241108;191710;703.3;2;2038472619203756097;B
20241108;191723;703.3;20;2038472619203756098;B
20241108;191723;703.5;6;2038472619203756099;B
20241108;191724;703.4;1;2038472619203756100;B
20241108;191903;703.4;1;2038472619203756101;B
20241108;191922;703;1;2038472619203756102;S
20241108;191943;703.4;3;2038472619203756103;B
20241108;191943;703.5;14;2038472619203756104;B
20241108;191943;704;4;2038472619203756105;B
20241108;191949;704.9;48;2038472619203756106;B
20241108;191957;705;20;2038472619203756107;B
20241108;192051;705.6;1;2038472619203756108;B
20241108;192057;705;10;2038472619203756109;S
20241108;192104;706.5;51;2038472619203756110;B
20241108;192124;706.7;2;2038472619203756111;B
20241108;192124;706.7;2;2038472619203756112;B
20241108;192127;707;2;2038472619203756113;S
20241108;192132;707.1;2;2038472619203756114;B
20241108;192132;707.4;2;2038472619203756115;B
20241108;192132;707.5;20;2038472619203756116;B
20241108;192132;707.6;2;2038472619203756117;B
20241108;192142;707.9;1;2038472619203756118;B
20241108;192230;708;4;2038472619203756119;B
20241108;192230;708;1;2038472619203756120;B
20241108;192254;708;12;2038472619203756121;B
20241108;192309;706.7;2;2038472619203756122;S
20241108;192321;706.7;1;2038472619203756123;S
20241108;192407;707.8;3;2038472619203756124;B
20241108;192411;707.9;1;2038472619203756125;B
20241108;192411;708;37;2038472619203756126;B
20241108;192411;708;4;2038472619203756127;B
20241108;192432;708.3;5;2038472619203756128;S
20241108;192439;708.5;1;2038472619203756129;B
20241108;192449;708.8;2;2038472619203756130;S
20241108;192513;709;1;2038472619203756131;B
20241108;192513;709;1;2038472619203756132;B
20241108;192513;709;2;2038472619203756133;B
20241108;192542;710.2;4;2038472619203756134;S
20241108;192618;707.5;1;2038472619203756135;S
20241108;192735;707.5;1;2038472619203756136;S
20241108;192755;707.5;1;2038472619203756137;S
20241108;192755;707.3;1;2038472619203756138;S
20241108;192921;709.2;1;2038472619203756139;B
20241108;193013;709.3;5;2038472619203756140;B
20241108;193013;709.4;1;2038472619203756141;B
20241108;193139;707.2;2;2038472619203756142;S
20241108;193148;707.2;3;2038472619203756143;S
20241108;193326;706.7;1;2038472619203756144;S
20241108;193329;706.7;21;2038472619203756145;S
20241108;193333;706.7;9;2038472619203756146;S
20241108;193335;706.7;1;2038472619203756147;S
20241108;193335;707;1;2038472619203756148;B
20241108;193342;706.7;2;2038472619203756149;S
20241108;193507;706.8;2;2038472619203756150;S
20241108;193701;706.7;23;2038472619203756151;S
20241108;193719;706.1;1;2038472619203756152;S
20241108;193719;706;1;2038472619203756153;S
20241108;193719;706;2;2038472619203756154;S
20241108;193800;705;1;2038472619203756155;S
20241108;193926;705;11;2038472619203756156;B
20241108;194010;705;1;2038472619203756157;S
20241108;194246;706.2;2;2038472619203756158;S
20241108;194246;706.2;1;2038472619203756159;S
20241108;194246;706.1;7;2038472619203756160;S
20241108;194346;707.4;2;2038472619203756161;B
20241108;194346;707.5;7;2038472619203756162;B
20241108;194352;706.1;2;2038472619203756163;S
20241108;194402;706.1;8;2038472619203756164;S
20241108;194451;706.9;5;2038472619203756165;B
20241108;194451;707;2;2038472619203756166;B
20241108;194451;707;1;2038472619203756167;B
20241108;194451;707.1;92;2038472619203756168;B
20241108;194514;705.1;5;2038472619203756169;S
20241108;194514;705;3;2038472619203756170;S
20241108;194514;704.1;2;2038472619203756171;S
20241108;194514;704.1;1;2038472619203756172;S
20241108;194522;704.1;1;2038472619203756173;S
20241108;194522;704.1;5;2038472619203756174;S
20241108;194522;704.1;2;2038472619203756175;S
20241108;194529;704.5;10;2038472619203756176;B
20241108;194556;704;1;2038472619203756177;S
20241108;194609;703.3;12;2038472619203756178;S
20241108;194609;703.2;2;2038472619203756179;S
20241108;194638;701.9;2;2038472619203756180;S
20241108;194639;701.8;5;2038472619203756181;S
20241108;194639;701.8;124;2038472619203756182;S
20241108;194639;701.8;1;2038472619203756183;S
20241108;194639;701.7;4;2038472619203756184;S
20241108;194639;701.7;2;2038472619203756185;S
20241108;194639;701.7;2;2038472619203756186;S
20241108;194639;701.6;2;2038472619203756187;S
20241108;194639;701.6;2;2038472619203756188;S
20241108;194655;701.1;45;2038472619203756189;S
20241108;194658;700.6;51;2038472619203756190;S
20241108;194658;700.5;4;2038472619203756191;S
20241108;194814;700.6;1;2038472619203756192;S
20241108;194814;700;4;2038472619203756193;S
20241108;194827;700;6;2038472619203756194;S
20241108;194839;700.2;4;2038472619203756195;S
20241108;194854;700.2;6;2038472619203756196;S
20241108;194854;700;1;2038472619203756197;S
20241108;194854;700;2;2038472619203756198;B
20241108;194858;699.9;1;2038472619203756199;S
20241108;194919;699.8;1;2038472619203756200;B
20241108;195024;699.4;20;2038472619203756201;B
20241108;195030;699;5;2038472619203756202;S
20241108;195055;699;50;2038472619203756203;S
20241108;195055;699;60;2038472619203756204;S
20241108;195055;698.6;5;2038472619203756205;S
20241108;195055;698.6;20;2038472619203756206;S
20241108;195057;698.2;1;2038472619203756207;S
20241108;195057;698.1;1;2038472619203756208;S
20241108;195057;698;2;2038472619203756209;S
20241108;195057;698;1;2038472619203756210;S
20241108;195057;698;1;2038472619203756211;S
20241108;195057;698;1;2038472619203756212;S
20241108;195058;697.5;2;2038472619203756213;S
20241108;195058;697.5;2;2038472619203756214;S
20241108;195058;697.2;2;2038472619203756215;S
20241108;195058;697.1;2;2038472619203756216;S
20241108;195059;697;4;2038472619203756217;S
20241108;195100;697;2;2038472619203756218;S
20241108;195100;697;4;2038472619203756219;S
20241108;195100;697;4;2038472619203756220;S
20241108;195100;697;1;2038472619203756221;S
20241108;195100;697;1;2038472619203756222;S
20241108;195100;697;1;2038472619203756223;S
20241108;195100;696.7;1;2038472619203756224;S
20241108;195100;696.7;1;2038472619203756225;S
20241108;195100;696.6;1;2038472619203756226;S
20241108;195100;696.6;2;2038472619203756227;S
20241108;195104;697;3;2038472619203756228;S
20241108;195105;696.5;1;2038472619203756229;S
20241108;195105;696.4;20;2038472619203756230;S
20241108;195105;696.1;1;2038472619203756231;S
20241108;195119;696.9;1;2038472619203756232;S
20241108;195119;695.8;4;2038472619203756233;S
20241108;195135;695.8;1;2038472619203756234;S
20241108;195135;695.8;1;2038472619203756235;S
20241108;195135;695.3;1;2038472619203756236;S
20241108;195135;695.2;3;2038472619203756237;S
20241108;195135;695.1;2;2038472619203756238;S
20241108;195135;695;10;2038472619203756239;S
20241108;195135;695;1;2038472619203756240;S
20241108;195135;695;1;2038472619203756241;S
20241108;195144;695.8;2;2038472619203756242;B
20241108;195148;695.8;1;2038472619203756243;B
20241108;195156;698.4;1;2038472619203756244;B
20241108;195156;698.5;6;2038472619203756245;B
20241108;195231;698.4;1;2038472619203756246;B
20241108;195232;698.4;3;2038472619203756247;B
20241108;195232;698.5;2;2038472619203756248;B
20241108;195246;695.9;1;2038472619203756249;S
20241108;195300;695.9;3;2038472619203756250;S
20241108;195310;695.8;1;2038472619203756251;S
20241108;195310;695.2;4;2038472619203756252;B
20241108;195318;695.9;7;2038472619203756253;B
20241108;195656;698.6;2;2038472619203756254;B
20241108;195656;698.7;2;2038472619203756255;B
20241108;195701;698.7;1;2038472619203756256;B
20241108;195712;698.7;2;2038472619203756257;B
20241108;195713;698.8;2;2038472619203756258;B
20241108;195720;698.8;2;2038472619203756259;B
20241108;195738;698.8;1;2038472619203756260;B
20241108;195741;698.8;1;2038472619203756261;B
20241108;195749;699;2;2038472619203756262;B
20241108;195749;699.2;2;2038472619203756263;B
20241108;195906;699.7;1;2038472619203756264;S
20241108;195919;699.2;1;2038472619203756265;S
20241108;195919;699.2;1;2038472619203756266;S
20241108;195939;698.8;2;2038472619203756267;B
20241108;200113;700.1;1;2038472619203756268;B
20241108;200318;701.6;2;2038472619203756273;B
20241108;200407;700.3;2;2038472619203756274;B
20241108;200417;700.3;2;2038472619203756275;B
20241108;200418;700.3;10;2038472619203756276;B
20241108;200439;700;1;2038472619203756277;B
20241108;200439;700.7;9;2038472619203756278;B
20241108;200554;699.7;1;2038472619203756279;S
20241108;200720;699;4;2038472619203756280;S
20241108;200720;698.9;5;2038472619203756281;S
20241108;200720;698.8;5;2038472619203756282;S
20241108;200720;698.7;1;2038472619203756283;S
20241108;200720;698.6;2;2038472619203756284;S
20241108;200720;698.1;1;2038472619203756289;S
20241108;200720;698.1;2;2038472619203756294;S
20241108;200720;698.1;1;2038472619203756295;S
20241108;200720;698.1;3;2038472619203756296;S
20241108;200720;698;50;2038472619203756297;S
20241108;200720;697.8;2;2038472619203756298;S
20241108;200720;697.8;2;2038472619203756299;S
20241108;200720;697.7;1;2038472619203756300;S
20241108;200720;697.5;21;2038472619203756301;S
20241108;200735;697.8;1;2038472619203756302;S
20241108;200813;699.9;4;2038472619203756303;S
20241108;201302;701.3;1;2038472619203756304;B
20241108;201325;701.4;3;2038472619203756305;B
20241108;201325;701.4;2;2038472619203756306;B
20241108;201422;701.4;1;2038472619203756307;B
20241108;201422;701.6;1;2038472619203756308;B
20241108;201422;701.7;1;2038472619203756309;B
20241108;201429;702.8;100;2038472619203756310;B
20241108;201437;700.8;1;2038472619203756311;S
20241108;201629;700;1;2038472619203756314;S
20241108;201629;700;1;2038472619203756315;S
20241108;201629;700;1;2038472619203756316;S
20241108;201629;699.9;1;2038472619203756317;S
20241108;201629;699.9;2;2038472619203756318;S
20241108;201629;698.7;1;2038472619203756319;S
20241108;201629;698.5;2;2038472619203756320;S
20241108;201629;698.4;3;2038472619203756325;S
20241108;201629;698.4;1;2038472619203756326;S
20241108;201629;698.4;4;2038472619203756327;S
20241108;201629;698.4;2;2038472619203756328;S
20241108;201629;698.3;12;2038472619203756329;S
20241108;201629;698.3;2;2038472619203756330;S
20241108;201629;698.3;67;2038472619203756331;S
20241108;201850;698.5;1;2038472619203756332;S
20241108;201850;698;1;2038472619203756333;S
20241108;201905;701.2;1;2038472619203756334;B
20241108;202317;700;1;2038472619203756335;S
20241108;202433;698;1;2038472619203756336;S
20241108;202433;697.2;1;2038472619203756337;S
20241108;202544;700.2;1;2038472619203756338;B
20241108;202859;700.2;3;2038472619203756341;B
20241108;202952;699.7;1;2038472619203756342;B
20241108;202952;699.8;3;2038472619203756347;B
20241108;203022;700.2;2;2038472619203756352;S
20241108;203029;700.2;12;2038472619203756353;S
20241108;203054;697.1;4;2038472619203756354;S
20241108;203054;697;1;2038472619203756355;S
20241108;203109;696.9;2;2038472619203756356;S
20241108;203343;699.4;1;2038472619203756361;B
20241108;204232;697.9;1;2038472619203756362;S
20241108;204247;699.5;1;2038472619203756363;B
20241108;204321;699.5;1;2038472619203756364;B
20241108;204425;699;2;2038472619203756365;B
20241108;204425;699.1;1;2038472619203756366;B
20241108;204606;699.3;1;2038472619203756367;B
20241108;204820;699.5;1;2038472619203756368;B
20241108;204851;699.6;3;2038472619203756369;B
20241108;204851;699.6;4;2038472619203756370;B
20241108;204851;699.6;2;2038472619203756371;B
20241108;204851;699.6;1;2038472619203756372;B
20241108;204851;699.7;1;2038472619203756373;B
20241108;204851;699.7;1;2038472619203756374;B
20241108;204900;699.8;1;2038472619203756375;B
20241108;204900;699.9;1;2038472619203756376;B
20241108;204900;700;1;2038472619203756377;B
20241108;204907;698.5;1;2038472619203756378;S
20241108;204931;698.5;3;2038472619203756379;S
20241108;204931;698.5;3;2038472619203756380;S
20241108;205020;698.5;7;2038472619203756381;S
20241108;205052;698.4;1;2038472619203756382;S
20241108;205214;697.8;3;2038472619203756383;S
20241108;205404;698;1;2038472619203756384;S
20241108;205940;698.1;2;2038472619203756385;S
20241108;205940;698;2;2038472619203756386;S
20241108;210141;698;4;2038472619203756387;S
20241108;210141;698;7;2038472619203756388;S
20241108;210603;698.8;2;2038472619203756389;B
20241108;210741;698.2;4;2038472619203756390;S
20241108;210828;699.3;1;2038472619203756391;S
20241108;210828;699.2;1;2038472619203756392;S
20241108;210828;699;1;2038472619203756393;S
20241108;210828;698.2;2;2038472619203756394;S
20241108;210828;698.1;10;2038472619203756395;S
20241108;210828;698.1;2;2038472619203756396;S
20241108;210828;698;2;2038472619203756401;S
20241108;210909;698.7;4;2038472619203756402;B
20241108;210909;698.7;2;2038472619203756403;B
20241108;211040;700.4;1;2038472619203756404;B
20241108;211040;700.5;5;2038472619203756405;B
20241108;211235;702.1;1;2038472619203756406;B
20241108;211235;703.1;2;2038472619203756407;B
20241108;211235;703.1;2;2038472619203756408;B
20241108;211235;703.1;2;2038472619203756409;B
20241108;211235;704.1;2;2038472619203756414;B
20241108;211235;704.6;5;2038472619203756415;B
20241108;211235;704.8;2;2038472619203756416;B
20241108;211235;704.8;2;2038472619203756417;B
20241108;211235;704.8;1;2038472619203756418;B
20241108;211235;705;1;2038472619203756419;B
20241108;211322;700.8;1;2038472619203756420;S
20241108;211516;703.7;1;2038472619203756421;B
20241108;211516;703.9;2;2038472619203756422;B
20241108;211516;704.3;2;2038472619203756423;B
20241108;211516;704.7;4;2038472619203756424;B
20241108;211516;704.7;1;2038472619203756425;B
20241108;211516;704.8;4;2038472619203756426;B
20241108;211545;701.4;1;2038472619203756427;S
20241108;211755;704.2;4;2038472619203756428;B
20241108;211755;704.3;5;2038472619203756429;B
20241108;211755;704.4;1;2038472619203756430;B
20241108;212916;703.8;1;2038472619203756431;B
20241108;212916;703.8;1;2038472619203756432;B
20241108;212916;703.9;2;2038472619203756433;B
20241108;212919;704;3;2038472619203756434;B
20241108;212925;704;2;2038472619203756435;B
20241108;212925;704;3;2038472619203756436;S
20241108;212925;704;1;2038472619203756437;S
20241108;212935;703.9;16;2038472619203756438;S
20241108;213007;703.9;2;2038472619203756439;B
20241108;213757;703.4;4;2038472619203756440;B
20241108;213757;703.5;2;2038472619203756441;B
20241108;213815;703.5;1;2038472619203756442;B
20241108;213834;703.5;1;2038472619203756443;B
20241108;213834;703.7;5;2038472619203756444;B
20241108;213834;703.8;20;2038472619203756445;B
20241108;213901;703.8;6;2038472619203756446;B
20241108;214101;703.9;1;2038472619203756447;B
20241108;214101;703.9;2;2038472619203756448;B
20241108;214106;704;1;2038472619203756449;B
20241108;214158;703.9;1;2038472619203756450;B
20241108;214222;703.9;2;2038472619203756451;B
20241108;214222;703.9;5;2038472619203756452;B
20241108;215211;702.3;4;2038472619203756453;S
20241108;215921;702.6;2;2038472619203756454;S
20241108;220719;703.6;5;2038472619203756455;B
20241108;221303;703.6;1;2038472619203756456;B
20241108;221343;703.6;3;2038472619203756457;B
20241108;221343;703.7;2;2038472619203756458;B
20241108;221512;703.7;1;2038472619203756459;B
20241108;221755;703.7;2;2038472619203756460;B
20241108;221834;703.8;3;2038472619203756461;B
20241108;221939;703.8;1;2038472619203756462;B
20241108;221954;703.8;1;2038472619203756463;B
20241108;222112;703.8;1;2038472619203756464;B
20241108;222352;703.8;1;2038472619203756466;B
20241108;222424;703.9;1;2038472619203756471;B
20241108;222508;703.9;2;2038472619203756475;B
20241108;222521;703.9;1;2038472619203756476;B
20241108;222618;703.9;1;2038472619203756477;B
20241108;222912;703.8;4;2038472619203756479;B
20241108;223031;703.8;2;2038472619203756483;B
20241108;223351;703.9;10;2038472619203756484;B
20241108;224106;702.9;6;2038472619203756485;S
20241108;224106;702.8;2;2038472619203756486;S
20241108;224106;702.8;1;2038472619203756491;S
20241108;224106;702.6;5;2038472619203756496;S
20241108;224106;702.5;16;2038472619203756501;S
20241108;224723;702.7;1;2038472619203756504;S
20241108;225137;703.8;1;2038472619203756505;B
20241108;225137;703.9;1;2038472619203756506;B
20241108;225241;703.9;1;2038472619203756507;B
20241108;225558;703.9;4;2038472619203756508;B
20241108;225630;703.9;4;2038472619203756509;B
20241108;225630;704;1;2038472619203756510;B
20241108;225821;704.1;1;2038472619203756511;B
20241108;230111;702.6;1;2038472619203756512;S
20241108;230111;702.5;19;2038472619203756513;S
20241108;230111;702.5;15;2038472619203756514;S
20241108;230112;702.5;1;2038472619203756515;B
20241108;230342;702.5;1;2038472619203756516;B
20241108;230446;701.6;1;2038472619203756517;S
20241108;230841;701.6;1;2038472619203756518;S
20241108;230856;701.6;4;2038472619203756519;S
20241108;231017;701.6;2;2038472619203756520;S
20241108;232055;702;2;2038472619203756521;S
20241108;233022;701.6;2;2038472619203756523;S
20241108;233022;701.6;1;2038472619203756524;S
20241108;233022;701.6;2;2038472619203756525;S
20241108;233033;701.6;2;2038472619203756526;S
20241108;233405;701.6;2;2038472619203756527;S
20241108;233405;701.6;2;2038472619203756528;S
20241108;234302;702.3;2;2038472619203756529;B
20241108;234302;702.3;5;2038472619203756530;B
20241108;234925;702.3;1;2038472619203756531;B
20241108;234944;700.8;1;2038472619203756532;S
